:020000040800F2
:100000000000022079FD0008C9FD0008C9FD0008B4
:10001000C9FD0008C9FD0008C9FD00080000000076
:10002000000000000000000000000000C9FD000802
:10003000C9FD000800000000C9FD000887D90008BC
:10004000C9FD0008C9FD0008C9FD0008C9FD000878
:10005000C9FD0008C9FD00087DDA000883DA000840
:1000600089DA00088FDA000895DA0008C9FD00086F
:10007000C9FD0008C9FD0008C9FD0008C9FD000848
:10008000C9FD0008C9FD0008C9FD00080000000006
:100090000000000000000000000000009BDA0008E3
:1000A00039D50008B1D400084DD50008D5D40008D2
:1000B000E9D40008FDD4000811D50008E56C00085B
:1000C000F16C0008FD6C0008096D0008C9FD00080E
:1000D000C9FD000871E6000889E60008000000007C
:1000E000C3DA0008C9FD0008C9FD000800000000CF
:1000F000000000000000000000000000C9FD000832
:1001000000000000C9FD000825D50008C9FD000851
:1001100000000000000000000000000000000000DF
:10012000C9FD0008C9FD0008C9FD0008C9FD000897
:10013000C9FD0008000000000000000000000000F1
:10014000000000000000000000000000C9FD0008E1
:10015000C9FD0008C9FD0008C9FD0008A5E60008A2
:10016000156D0008216D000800000000000000006F
:10017000000000000000000000000000000000007F
:1001800000000000C9FD00080000000000000000A1
:08019000C9FD0008C9FD0008CB
:1001A00010F8012B11F8013B012A28BF9A42F7D021
:1001B000D01A7047034613F8012B002AFBD1181AF6
:1001C000013870470000000000000000000000003F
:1001D00001F0FF01102A2BDB10F0070F08D010F8F8
:1001E000013B013A8B422DD010F0070F42B3F6D1FC
:1001F000F0B441EA012141EA014122F007047FF015
:1002000000070023F0E80256083C85EA010586EA6B
:10021000010685FA47F5A3FA87F586FA47F6A5FAA7
:1002200087F68EB9EED1F0BC01F0FF0102F00702B3
:1002300032B110F8013B013A83EA010313B1F8D15E
:100240000020704701387047002D06BF354603383F
:10025000073815F0010F07D1013015F4807F02BF78
:10026000013015F4C03F0130F0BC0138704700BFC9
:1002700081F0004102E000BF83F0004330B54FEA57
:1002800041044FEA430594EA050F08BF90EA020FC4
:100290001FBF54EA000C55EA020C7FEA645C7FEA57
:1002A000655C00F0E2804FEA5454D4EB5555B8BF7A
:1002B0006D420CDD2C4480EA020281EA030382EAEB
:1002C000000083EA010180EA020281EA0303362D7D
:1002D00088BF30BD11F0004F4FEA01314FF4801C50
:1002E0004CEA113102D0404261EB410113F0004F62
:1002F0004FEA03334CEA133302D0524263EB430319
:1003000094EA050F00F0A780A4F10104D5F1200EB6
:100310000DDB02FA0EFC22FA05F2801841F1000111
:1003200003FA0EF2801843FA05F359410EE0A5F1E5
:1003300020050EF1200E012A03FA0EFC28BF4CF016
:10034000020C43FA05F3C01851EBE37101F00045CC
:1003500007D54FF0000EDCF1000C7EEB00006EEBD9
:100360000101B1F5801F1BD3B1F5001F0CD3490863
:100370005FEA30004FEA3C0C04F101044FEA4452BA
:1003800012F5800F80F09A80BCF1004F08BF5FEA41
:10039000500C50F1000041EB045141EA050130BD21
:1003A0005FEA4C0C404141EB0101013C28BFB1F533
:1003B000801FE9D291F0000F04BF01460020B1FA7E
:1003C00081F308BF2033A3F10B03B3F120020CDA51
:1003D0000C3208DD02F1140CC2F10C0201FA0CF02F
:1003E00021FA02F10CE002F11402D8BFC2F1200C94
:1003F00001FA02F120FA0CFCDCBF41EA0C0190404A
:10040000E41AA2BF01EB0451294330BD6FEA040492
:100410001F3C1CDA0C340EDC04F11404C4F120027D
:1004200020FA04F001FA02F340EA030021FA04F38F
:1004300045EA030130BDC4F10C04C4F1200220FAE6
:1004400002F001FA04F340EA0300294630BD21FA24
:1004500004F0294630BD94F0000F83F4801306BFEA
:1004600081F480110134013D4EE77FEA645C18BFDE
:100470007FEA655C29D094EA050F08BF90EA020F75
:1004800005D054EA000C04BF1946104630BD91EA6D
:10049000030F1EBF0021002030BD5FEA545C05D170
:1004A0004000494128BF41F0004130BD14F58004AF
:1004B0003CBF01F5801130BD01F0004545F0FE4123
:1004C00041F470014FF0000030BD7FEA645C1ABF58
:1004D000194610467FEA655C1CBF0B46024650EA8F
:1004E000013406BF52EA033591EA030F41F40021BB
:1004F00030BD00BF90F0000F04BF0021704730B541
:100500004FF4806404F132044FF000054FF0000115
:1005100050E700BF90F0000F04BF0021704730B5D6
:100520004FF4806404F1320410F0004548BF4042AB
:100530004FF000013EE700BF42004FEAE2014FEA00
:1005400031014FEA02701FBF12F07F4393F07F4FDB
:1005500081F06051704732F07F4208BF704793F0DE
:100560007F4F04BF41F40021704730B54FF46074F1
:1005700001F0004521F000411CE700BF50EA0102F4
:1005800008BF704730B54FF000050AE050EA01029D
:1005900008BF704730B511F0004502D5404261EB0D
:1005A00041014FF4806404F132045FEA915C3FF44E
:1005B000D8AE4FF003025FEADC0C18BF03325FEAEB
:1005C000DC0C18BF033202EBDC02C2F1200300FA9C
:1005D00003FC20FA02F001FA03FE40EA0E0021FAC1
:1005E00002F11444BDE600BF70B54FF0FF0C4CF4AF
:1005F000E06C1CEA11541DBF1CEA135594EA0C0F61
:1006000095EA0C0F00F0DEF82C4481EA030621EA9B
:100610004C5123EA4C5350EA013518BF52EA0335D6
:1006200041F4801143F4801338D0A0FB02CE4FF088
:100630000005E1FB02E506F00042E0FB03E54FF0B8
:100640000006E1FB03569CF0000F18BF4EF0010EB0
:10065000A4F1FF04B6F5007F64F5407404D25FEAAC
:100660004E0E6D4146EB060642EAC62141EA55515F
:100670004FEAC52040EA5E504FEACE2EB4F1FD0CA1
:1006800088BFBCF5E06F1ED8BEF1004F08BF5FEA1F
:10069000500E50F1000041EB045170BD06F00046D1
:1006A00046EA010140EA020081EA0301B4EB5C047E
:1006B000C2BFD4EB0C0541EA045170BD41F4801176
:1006C0004FF0000E013C00F3AB8014F1360FDEBF9B
:1006D000002001F0004170BDC4F10004203C35DA77
:1006E0000C341BDC04F11404C4F1200500FA05F3FA
:1006F00020FA04F001FA05F240EA020001F000429B
:1007000021F0004110EBD37021FA04F642EB060110
:100710005EEA430E08BF20EAD37070BDC4F10C043A
:10072000C4F1200500FA04F320FA05F001FA04F2FE
:1007300040EA020001F0004110EBD37041F10001EA
:100740005EEA430E08BF20EAD37070BDC4F12005F5
:1007500000FA05F24EEA020E20FA04F301FA05F25D
:1007600043EA020321FA04F001F0004121FA04F205
:1007700020EA020000EBD3705EEA430E08BF20EAD5
:10078000D37070BD94F0000F0FD101F0004640000F
:1007900041EB010111F4801F08BF013CF7D041EA91
:1007A000060195F0000F18BF704703F00046520095
:1007B00043EB030313F4801F08BF013DF7D043EA66
:1007C0000603704794EA0C0F0CEA135518BF95EA1C
:1007D0000C0F0CD050EA410618BF52EA4306D1D1A3
:1007E00081EA030101F000414FF0000070BD50EAC2
:1007F000410606BF1046194652EA430619D094EA4C
:100800000C0F02D150EA013613D195EA0C0F05D135
:1008100052EA03361CBF104619460AD181EA030189
:1008200001F0004141F0FE4141F470014FF0000041
:1008300070BD41F0FE4141F4780170BD70B54FF0DC
:10084000FF0C4CF4E06C1CEA11541DBF1CEA13555C
:1008500094EA0C0F95EA0C0F00F0A7F8A4EB05043E
:1008600081EA030E52EA03354FEA013100F0888035
:100870004FEA03334FF0805545EA131343EA1263FE
:100880004FEA022245EA111545EA10654FEA0026B3
:100890000EF000419D4208BF964244F1FD0404F56C
:1008A000407402D25B084FEA3202B61A65EB0305C8
:1008B0005B084FEA32024FF480104FF4002CB6EB85
:1008C000020E75EB030E22BFB61A754640EA0C0005
:1008D0005B084FEA3202B6EB020E75EB030E22BF45
:1008E000B61A754640EA5C005B084FEA3202B6EB86
:1008F000020E75EB030E22BFB61A754640EA9C0045
:100900005B084FEA3202B6EB020E75EB030E22BF14
:10091000B61A754640EADC0055EA060E18D04FEAD2
:10092000051545EA16754FEA06164FEAC30343EA72
:1009300052734FEAC2025FEA1C1CC0D111F4801F3F
:100940000BD141EA00014FF000004FF0004CB6E738
:1009500011F4801F04BF01430020B4F1FD0C88BFD7
:10096000BCF5E06F3FF6AFAEB5EB030C04BFB6EBE2
:10097000020C5FEA500C50F1000041EB045170BDD5
:100980000EF0004E4EEA113114EB5C04C2BFD4EB02
:100990000C0541EA045170BD41F480114FF0000E86
:1009A000013C90E645EA060E8DE60CEA135594EA02
:1009B0000C0F08BF95EA0C0F3FF43BAF94EA0C0F05
:1009C0000AD150EA01347FF434AF95EA0C0F7FF47A
:1009D00025AF104619462CE795EA0C0F06D152EACE
:1009E00003353FF4FDAE1046194622E750EA4106B2
:1009F00018BF52EA43067FF4C5AE50EA41047FF4C3
:100A00000DAF52EA43057FF4EBAE12E74FF0FF3C27
:100A100006E000BF4FF0010C02E000BF4FF0010CF8
:100A20004DF804CD4FEA410C7FEA6C5C4FEA430C71
:100A300018BF7FEA6C5C1BD001B050EA410C0CBFC0
:100A400052EA430C91EA030F02BF90EA020F002022
:100A5000704710F1000F91EA030F58BF994208BF89
:100A600090422CBFD8176FEAE37040F00100704746
:100A70004FEA410C7FEA6C5C02D150EA013C07D19D
:100A80004FEA430C7FEA6C5CD6D152EA033CD3D0E8
:100A90005DF8040B704700BF8446104662468C46E2
:100AA0001946634600E000BF01B5FFF7B7FF002815
:100AB00048BF10F1000F01BD4DF808EDFFF7F4FF3E
:100AC0000CBF012000205DF808FB00BF4DF808EDC9
:100AD000FFF7EAFF34BF012000205DF808FB00BFEC
:100AE0004DF808EDFFF7E0FF94BF012000205DF80E
:100AF00008FB00BF4DF808EDFFF7CEFF94BF0120C3
:100B000000205DF808FB00BF4DF808EDFFF7C4FFBB
:100B100034BF012000205DF808FB00BF4FEA410C04
:100B20007FEA6C5C02D150EA013C0AD14FEA430CE7
:100B30007FEA6C5C02D152EA033C02D14FF0000024
:100B400070474FF0010070474A0011D212F50012B1
:100B500011D20DD56FF47873B3EB62520ED44FEA15
:100B6000C12343F0004343EA505323FA02F0704795
:100B70004FF00000704750EA013002D14FF0FF30D3
:100B800070474FF0000070474FEA4102B2F1E04376
:100B900024BFB3F5001CDCF1FE5C0DD901F0004C64
:100BA0004FEAC0024CEA5070B2F1004F40EB8300B4
:100BB00008BF20F00100704711F0804F21D113F1E0
:100BC0003872BCBF01F00040704741F480114FEA19
:100BD0005252C2F11802C2F1200C10FA0CF320FAA2
:100BE00002F018BF40F001004FEAC1234FEAD323BF
:100BF00003FA0CFC40EA0C0023FA02F34FEA430329
:100C0000CCE77FEA625307D150EA01331EBF4FF0B1
:100C1000FE4040F44000704701F0004040F0FE40CC
:100C200040F40000704700BF80F0004002E000BFC9
:100C300081F0004142001FBF5FEA410392EA030FC7
:100C40007FEA226C7FEA236C6AD04FEA1262D2EB11
:100C50001363C1BFD218414048404140B8BF5B4216
:100C6000192B88BF704710F0004F40F4000020F0AF
:100C70007F4018BF404211F0004F41F4000121F0C5
:100C80007F4118BF494292EA030F3FD0A2F101020F
:100C900041FA03FC10EB0C00C3F1200301FA03F14D
:100CA00000F0004302D5494260EB4000B0F5000F70
:100CB00013D3B0F1807F06D340084FEA310102F12F
:100CC0000102FE2A51D2B1F1004F40EBC25008BFE1
:100CD00020F0010040EA03007047490040EB0000AB
:100CE000013A28BFB0F5000FEDD2B0FA80FCACF1AC
:100CF000080CB2EB0C0200FA0CF0AABF00EBC250D9
:100D000052421843BCBFD0401843704792F0000FC6
:100D100081F4000106BF80F400000132013BB5E719
:100D20004FEA41037FEA226C18BF7FEA236C21D08F
:100D300092EA030F04D092F0000F08BF08467047F4
:100D400090EA010F1CBF0020704712F07F4F04D1C2
:100D5000400028BF40F00040704712F100723CBFD5
:100D600000F50000704700F0004343F0FE4040F4FF
:100D7000000070477FEA226216BF08467FEA2363BD
:100D80000146420206BF5FEA412390EA010F40F4A8
:100D9000800070474FF0000304E000BF10F00043F4
:100DA00048BF40425FEA000C08BF704743F09643DB
:100DB00001464FF000001CE050EA010208BF7047F6
:100DC0004FF000030AE000BF50EA010208BF70477D
:100DD00011F0004302D5404261EB41015FEA010C92
:100DE00002BF84460146002043F0B64308BFA3F18A
:100DF0008053A3F50003BCFA8CF2083AA3EBC2536C
:100E000010DB01FA02FC634400FA02FCC2F120028A
:100E1000BCF1004F20FA02F243EB020008BF20F0C1
:100E20000100704702F1200201FA02FCC2F1200227
:100E300050EA4C0021FA02F243EB020008BF20EA1C
:100E4000DC7070477BB972B90029BEBF00204FF03B
:100E5000004106E008BF00281CBF6FF000414FF0C2
:100E6000FF3000F057B8ADF1080C6DE904CE002951
:100E700009DB002B1ADB12F017FBDDF804E0DDE9DB
:100E8000022304B07047404261EB4101002B1BDBA1
:100E900012F00AFBDDF804E0DDE9022304B0404271
:100EA00061EB4101524263EB43037047524263EBF3
:100EB000430312F0F9FADDF804E0DDE9022304B09F
:100EC000404261EB41017047524263EB430312F031
:100ED000EBFADDF804E0DDE9022304B0524263EBF3
:100EE0004303704753B94AB9002908BF00281CBF03
:100EF0004FF0FF314FF0FF3000F00CB8ADF1080CAF
:100F00006DE904CE12F0D0FADDF804E0DDE9022349
:100F100004B07047704700BF10B5054C237833B953
:100F2000044B13B10448AFF300800123237010BDBC
:100F30006C03002000000000A837010808B5034B2F
:100F40001BB103490348AFF3008008BD0000000057
:100F500070030020A8370108014902480EF083BD44
:100F60007B6201088C03002001480EF034BD00BFF5
:100F70008C0300202DE9F04F2DED028B95B004F08D
:100F8000BBF804F0CFF8C1484FF4E13100F0D4FDD4
:100F9000BF49BE480EF0B6FBBE49BC480EF0B2FBDE
:100FA000BD49BA480EF0AEFBBC49B8480EF0AAFBEA
:100FB000BB49B6480EF0A6FB022117200EF04CFFED
:100FC000022116200EF048FF14200FF027F81720FA
:100FD0000EF0D8FFE8BBB349AC480EF093FB0121FB
:100FE00016200EF039FF092417200EF0CBFF014622
:100FF00070B916200EF08EFF0A200FF00FF80121B5
:1010000016200EF087FF0A200FF008F8013CEBD104
:10101000012117200EF020FF002117200EF07AFF8B
:101020000A200EF0FBFF012116200EF073FF0A20AC
:101030000EF0F4FF012117200EF06CFF0A200EF0D5
:10104000EDFF022117200EF007FF022116200EF0FF
:1010500003FF954B9549DA6DC1F884209B6DC1F86B
:1010600088309248002105F089FB91498F4805F0AE
:1010700083F832200EF0C4FF01F0E0FB03F026F805
:1010800008B103F0B7F80C200EF0B2FE02F052FDEA
:10109000884C002800F052810023237000250DF1B8
:1010A0000F008DF80F5003F0D9FD002800F04D819E
:1010B000657004F02DFF002800F04E810023A3701E
:1010C000DFF82082002504F08DFE657103F054FBEB
:1010D000E57004F037FD257100F08CFC404600F00F
:1010E000A7FC98F80830022B14BF2B460323A371EA
:1010F00004F03AFA06AF002800F035816E48E57139
:1011000004F074F908B1012323726C4B0FCB87E80C
:101110000F004FF07E53049304A9002338468DF846
:10112000143004F091F928B1384603F0BFFC04A84C
:1011300004F04EFE02F0A4F961496248DFF8ACA168
:10114000DFF888B103F08EFE5F4950480EF0DAFAFE
:101150004FF019092422002138460FF0EEFF3846DF
:10116000CDF834A002F0CEFDB8B13E460FCE574DBB
:101170000FC50FCE0FC5284633684F4940F82039B8
:1011800002F0A6FB9BED058A0EF038FF4C490246A3
:10119000B0EE480A4B4803F089FE14200EF030FFF1
:1011A000B9F10109D6D14A4D4A4E284603F092FCC6
:1011B000304604F06DFF3379002B00F0DB8096EDB4
:1011C000008A454804F024FEB0EE480A434803F084
:1011D000E9FAB0EE480A424804F0CAFC414800F07F
:1011E00027FC344802F03CFA3F4B83ED000A03F041
:1011F00059FC814604F0E8FD2F4A3A4900904B46DD
:101200002C4801F06BF900F0A5FC04F005F800286B
:1012100040F0B380062003F099FF2C4BB3F9042073
:10122000ADF81C205A6908929A6909922A7B1968BC
:10123000DB6906910A93002A00F0A980AB680B9342
:101240002B680C933379002B00F0A48033680D9346
:10125000224B5A7C002A00F0A2809B680E93204B00
:101260005A7D002A00F09D80DB680F931A4B5A7B51
:10127000002A00F098809B68109398F80930002BA2
:1012800040F093800023119332E000BF2C04002033
:101290000438010833380108053801085F380108AF
:1012A0006F3801087F38010834770108104D00209D
:1012B000A08601000C00002050000020C03701086B
:1012C000F403002010040020963901088400002057
:1012D000E403002044000020D4030020300000205C
:1012E00018000020C8030020C40300201A4601088B
:1012F000129303F091FF08B103F094FF8DF84C00B6
:1013000003F08AFF627823788DF84D001343B3FA17
:1013100083F35B0938468DF84E3002F0A1FF0EF0E2
:101320006DFE254B186004F0A1F9244924480EF005
:10133000E9F915B0BDEC028BBDE8F08F032321491C
:101340001F4823700EF0DEF9A8E603231E491C484F
:1013500063700EF0D7F9ACE604231C491848A3705B
:101360000EF0D0F9ACE6042319491548E3710EF0EC
:10137000C9F9DFE695ED018A23E72378032B02D034
:101380006378032B01D1012045E7032043E7114B8C
:101390000B9356E70AB16B6859E70E4B57E70D4BB5
:1013A0005CE70C4B61E70B4B66E7D8F80030119314
:1013B000D8F804309CE700BF98030020D239010818
:1013C0002C040020B2380108F7380108223901083E
:1013D0005D3901080000C07F2DE9F0472DED028B3B
:1013E000134D9EB003F0C8FE04F0E0FD0EF006FEC3
:1013F0002B780446D3B90F4801F000FA18B90E4B08
:1014000093F8103193B1012332202B700EF0F8FDC8
:1014100003F048FB054604F0D7FC084A0849009051
:101420002B46084801F05AF800F094FB064F32E0D2
:10143000880300202C04002060520020500000206F
:10144000C80300200C0000208C030020AC4801F0F1
:10145000E5F9C1B20A29BB6802D00D2940F0E0814C
:10146000CBB1A849A648A84E0EF034F93946A44895
:101470000EF052F90FCE0CAD0FC50FCE0FC50FCE2B
:101480000FC533682B600CA9384601F07BFA9F49E1
:1014900038460EF02CFB9A4801F0B0F901460028BE
:1014A000D4D19B4A1368E31A132B30D9146003A8D4
:1014B00024220FF042FE974B0A9303A802F022FC6D
:1014C000954FDFF86882002800F0B18103AD0FCDA1
:1014D0003E460FC60FCD0FC62B6890493360384685
:1014E00002F0F6F997F8203088F8003097F82130AC
:1014F000002B40F0A28103F039FE022807D0884B70
:101500001B78022B40F00382052003F01FFE854A62
:101510001368E31AC72B09D98348146003F0DAFA79
:10152000824B002800F0088200225A70804A13681B
:10153000E31AC72B2DD97F4E1460304604F0A8FD66
:1015400004F0B2FD794D337980F001008000A8707D
:10155000002B00F0F38196ED008A774804F058FCE8
:1015600004F0CAFC80F00100B0EE480A68717348CC
:1015700003F018F903F088FA80F00100E870B0EE8B
:10158000480A6F4804F0F4FA04F012FC80F00100FD
:1015900028716C4A1368E31AB3F5FA7F0ED36A4DCB
:1015A0001460284600F044FA604B002800F0CC811B
:1015B0002A7A022A40F0C68103229A71634A13688C
:1015C000E31AB3F5FA6F5AD3614EDFF8ACA1356870
:1015D000DFF8A8919FED5F8A1460002D00F0B881BC
:1015E00007EE905A9AED007AF8EE677A012DC7EE71
:1015F000278A40F0B181B0EE480A11F053FDDFF8C0
:101600008081554F002D40F0B581434B5A691146FA
:10161000524B0C941B680D93434B187B002800F031
:10162000AD8198681192434A109111790E90CDEDD9
:101630000F8A8DED120A002900F0A281136813931E
:101640003E4B9B6814933E4BDB6815933A4B9B686B
:1016500016933D4B0CA81B68179304F047F8334BC7
:101660008AED008A80F001008000D8713C4BC8F8F8
:1016700000303C4B3B60002389ED008A33603A4ADE
:101680001368E31AB3F5FA7F2AD3344F274D3B682A
:10169000146001333B60214B1B4E93F830302B72AA
:1016A00003F0BAFD80F001008000E871284601F0E7
:1016B000D7FF2E4B83ED000A0FCE0CAD0FC50FCE1A
:1016C0000FC50FCE0FC5336839682B600CA800F02A
:1016D000EFFA0CA8396800F02DFD25480DF0BBFE8F
:1016E000244A1368E31AB3F57A7FC0F094800A4B5A
:1016F0001460B3F90420ADF834205A690E9241E029
:101700002C040020365F0108D03701087B620108F5
:10171000B00300201A460108840000205000002079
:10172000F4030020AC030020E40300200C000020A0
:10173000A803002044000020D40300203000002033
:1017400018000020A4030020C8030020A0030020EC
:10175000B40300200000000000000020C0030020AF
:10176000F0237449F02374C99C030020C4030020B3
:101770006052002098030020BC030020B803002022
:10178000040000209A690F92884A19680C91117B15
:10179000DB691093002940F0F580854B119312937B
:1017A000844B1879002800F0F1801B681393824B5A
:1017B0005A7C002A00F0EF809B6814937F4B5A7D7F
:1017C000002A00F0EA80DB6815937D4B5A7B002AE3
:1017D00000F0E5809B6816937A4B5A7A002A40F015
:1017E000E08000231793189303F016FD08B103F06F
:1017F00019FD8DF8640003F00FFD734A8DF8650044
:10180000137852781343B3FA83F35B090CA88DF86D
:10181000663002F025FD1EB0BDEC028BBDE8F087FE
:101820003F2B3FF638AE38460EF08EF933E60323F1
:1018300087F8210088F800305DE6644997ED050AD5
:101840006348224603F032FB624BD7ED057A93EDF5
:10185000007A614A0C9437EE277ACDED107A83ED49
:10186000007A5E4B93ED007AA7EEA77A83ED007ABB
:101870005B4B93ED007AF4EEC77AF1EE10FA48BFB5
:10188000C3ED007A574B93ED007AF4EEC77AF1EE90
:1018900010FAC8BFC3ED007A136801331360524BCE
:1018A0003A681B680D93B7F90430ADF83C30484BEB
:1018B0000E921A6811925A681292DA6813921B6992
:1018C0003C4A1493414B11799B681593374BE1B116
:1018D000126819689B681893374B16919B68199387
:1018E000364B1792DB681A93354B9B681B93354B2D
:1018F0001B681C933D4B0CA81B681D9301F0DAFD7F
:1019000032480CA901F0F4FDF5E55A68E1E7012B36
:1019100001D10420F9E503F07FFC08B90620F4E5C5
:1019200098F80030032B03D098F80130032B01D135
:101930000120EAE50320E8E50322F6E51B4B93EDE1
:10194000018A0AE6012A01D1012236E6002234E6A4
:10195000274BD3ED058A4EE699ED007A87EE270AEC
:10196000A8EEE80AB5EEC00AF1EE10FAD8BFB0EE64
:10197000480A42E6D8F800103A6849E6002051E6E5
:101980005B685CE693681193136808E709B15368D4
:101990000CE7074B0AE7064B0FE7054B14E7044B30
:1019A00019E71A6817925B681DE700BFE40300207F
:1019B0000000C07F440000203000002018000020FC
:1019C000D4030020C80300200C000020F4030020F2
:1019D00010040020BC030020B4030020B803002042
:1019E0000400002000000020C0030020C4030020E9
:1019F0008400002008B50521C9200EF02DFA084901
:101A000008480DF07FFE084906480DF063FEBDE86A
:101A100008409FED060A034803210DF0D2BF00BF26
:101A2000163A0108605200204D3A01089A998940FF
:101A300070B5064610250024C9200EF0F7F90444BD
:101A400064200EF0EBFA013DF6D107EE904A9FEDCF
:101A50002A7AFBEECE7A67EE877A9FED287A67EED8
:101A6000877A9FED277A67EE877AB6EE007AF4EEF2
:101A7000C77AF1EE10FAC6ED007A3AD4B3EE047AE2
:101A8000F4EEC77AF1EE10FA33DCB2EE027A37EEFA
:101A9000C77A9FED1C6AC7EE066A9FED1B7A66EE59
:101AA000876AF4EEC76AF1EE10FAD8BFB0EE667A34
:101AB000B5EEC07ADFED156AF1EE10FA48BFB0EE70
:101AC000667AF2EE036AF4EEE67AF1EE10FA0ED9D7
:101AD000F2EE056AF4EEE67AF1EE10FA94BF012315
:101AE000002386ED017A33720120707270BD0223EB
:101AF000F7E72846F9E700BF000080393333534049
:101B00009A998940686666400000C842000000005B
:101B100002289ABF024B53F820000248704700BFCA
:101B200038640108783A010800207047036840F2E1
:101B300013421B6A1847000010B504480C46FFF713
:101B4000F5FF03482146FFF7F1FF10BD605200206A
:101B50003404002008B5394939480DF0D3FD39491E
:101B600037480DF0CFFD384935480DF0CBFD3749EA
:101B700033480DF0C7FD364931480DF0C3FD3549F6
:101B80002F480DF0BFFD34492D480DF0BBFD334902
:101B90002B480DF0B7FD324929480DF0B3FD31490E
:101BA00027480DF0AFFD304925480DF0ABFD2F491A
:101BB00023480DF0A7FD2E4921480DF0A3FD2D4926
:101BC0001F480DF09FFD2C491D480DF09BFD2B4932
:101BD0001B480DF097FD2A4919480DF093FD29493E
:101BE00017480DF08FFD284915480DF08BFD27494A
:101BF00013480DF087FD264911480DF083FD254956
:101C00000F480DF07FFD24490D480DF07BFD234961
:101C10000B480DF077FD224909480DF073FD21496D
:101C200007480DF06FFD204905480DF06BFDBDE83C
:101C300008401E4902480DF065BD00BF0438010888
:101C40002C0400208D3A010805380108B43A010837
:101C5000E53A01081B3B01085C3B0108923B010887
:101C6000C93B0108023C0108353C0108623C0108FF
:101C7000973C0108CD3C0108FF3C0108383D0108B4
:101C80006F3D0108A13D0108D93D01080E3E010844
:101C9000453E01087D3E0108B53E0108EE3E0108C3
:101CA0001A3F0108453F0108793F0108AB3F010891
:101CB00038B504460D46AD48AD490DF023FDAD499C
:101CC000AA480DF01FFDAA49A8480DF01BFDAA491E
:101CD000A6480DF017FD236893F82130002B00F083
:101CE000FA81A649A1480DF0F5FC23689F4893EDC1
:101CF000060A01210DF056FEA1499C480DF0EAFCB0
:101D000023689A48D9690DF0EEFC9E4997480DF07A
:101D1000F9FC9D4995480DF0DDFC2368934893ED4F
:101D2000020A02210DF03EFE984990480DF0EAFCAF
:101D300097498E480DF0CEFC23688C4893ED030A3A
:101D400002210DF02FFE914988480DF0DBFC9149EE
:101D500086480DF0BFFC2368844893ED040A0221F5
:101D60000DF020FE894981480DF0CCFC8A497F485E
:101D70000DF0B0FC23687D4893ED050A02210DF0BB
:101D800011FE824979480DF0BDFC844977480DF079
:101D9000B9FC834975480DF09DFCA368734893ED29
:101DA000000A02210DF0FEFD784970480DF0AAFCF2
:101DB0007C496E480DF0A6FC79496C480DF08AFC10
:101DC000A368D3ED017AF5EEC07AF1EE10FA03DBE9
:101DD00066482B210DF08BFCA368644893ED010A43
:101DE00002210DF0DFFD694960480DF08BFC6E4962
:101DF0005E480DF087FC6A495C480DF06BFCA368F7
:101E00005A4893ED030A02210DF0CCFD674957486B
:101E10000DF078FC664955480DF074FC6049534854
:101E20000DF058FCE368187803F05AF901464F4862
:101E30000DF07CFC5F494D480DF064FC23691B7B71
:101E4000002B00F04A81564948480DF043FC2369B5
:101E5000464893ED000A02210DF0A4FD564943487F
:101E60000DF050FC554941480DF04CFC4C493F48A1
:101E70000DF030FC23693D4893ED020A02210DF07C
:101E800091FD4F4939480DF03DFC4E4937480DF062
:101E900039FC63691B79002B00F021814A493348E2
:101EA0000DF018FC6369314893ED000A02210DF032
:101EB00079FD46492D480DF025FC23691B7B73B144
:101EC00043492A480DF006FC2369284893ED010A8E
:101ED00001210DF067FD3D4924480DF013FC3D49FB
:101EE00022480DF00FFC3C4920480DF0F3FBA3699C
:101EF0001E4893ED010A03210DF054FD37491B489C
:101F00000DF0E8FBA3691B7B1BB9354917480DF0A1
:101F1000E1FB16480DF0EEFB324914480DF0DAFBF8
:101F2000E369124893ED020A02210DF03BFDE369DB
:101F30001B7C1BB92A490D480DF0CCFB0B480DF05A
:101F4000D9FB294909480DF0C5FB236A074893EDE1
:101F5000030A01210DF026FD244904480DF0BAFBC7
:101F6000236A1B7D002B46D11D4941E02C04002033
:101F70003F440108DA3F0108EF3F0108074001082C
:101F800013400108674501081A400108264001086E
:101F90002A400108364001080C4B01085A4001084C
:101FA000A0490108644001086F4001087F40010812
:101FB00085400108954001089F400108A4400108A0
:101FC000BC400108DC400108E9400108FB40010871
:101FD0003041010843410108524101085E410108B6
:101FE00007490108614101086D4101087941010873
:101FF0003F480DF06FFB3E480DF07CFB3D493C48EF
:102000000DF080FB636A5B7A002B6AD03A4938484E
:102010000DF060FB636A364893ED000A02210DF073
:10202000C1FC364932480DF06DFB334930480DF0A4
:1020300051FB636A2E4893ED010A00210DF0B2FCBA
:102040002F492B480DF05EFB2B4929480DF042FB30
:10205000636A187AFFF75CFD014625480DF066FBC0
:10206000284923480DF04EFB234921480DF032FB4F
:10207000236BDFED257A93ED000A1D4820EE270A39
:1020800001210DF08FFC1E4919480DF03BFB1F4943
:1020900017480DF037FB03F0C5F838B31C49144856
:1020A0000DF018FB03F0C8F8014611480DF01BFBBA
:1020B00018490F480DF026FB17490D480DF00AFB93
:1020C00029460B480A220DF0A9FBBDE83840134908
:1020D00007480DF017BB124954E61249D2E61249DF
:1020E000E8E6124902480DF00DFBB9E71049E0E7B8
:1020F0002C0400207E410108A04901085E4101082E
:1021000087410108A04101080000C842AE41010812
:10211000B741010867450108E9410108CE480108B7
:1021200042400108BF400108FE4001088A41010801
:10213000D641010838B504460D46B848B8490DF0F7
:10214000C9FAB849B5480DF0C5FAB749B3480DF01A
:10215000C1FA0A222946B1480DF047FBB349AF48FE
:102160000DF0B8FA0DF04AFF0A220146AB480DF017
:102170003CFBAF49A9480DF0ADFA236893F8212044
:10218000002A00F0378193ED020AA44804210DF0E3
:1021900009FCA849A1480DF09DFA236893F8212075
:1021A000002A00F02A8193ED030A9C4804210DF0D7
:1021B000F9FBA14999480DF08DFA236893F8212085
:1021C000002A00F01D8193ED040A944804210DF0CB
:1021D000E9FB9A4991480DF07DFA236893F8212094
:1021E000002A00F0108193ED050A8C4804210DF0BF
:1021F000D9FB934989480DF06DFA236893F82120A3
:10220000002A00F0038193ED060A844801210DF0B5
:10221000C9FB8C4981480DF05DFA236893F82120B1
:10222000002A00F0F680D9697C480DF05CFA8649F6
:102230007A480DF04FFA854978480DF04BFAA368BB
:10224000764893ED000A04210DF0ACFB80497348F9
:102250000DF040FAA368714893ED010A04210DF0D6
:10226000A1FB7C496D480DF035FAA3686B4893EDEE
:10227000030A04210DF096FB774968480DF02AFA0D
:10228000E368187802F02CFF014664480DF02BFA41
:10229000724962480DF01EFAE368604893ED020A45
:1022A00004210DF07FFB6E495C480DF013FA2369A1
:1022B0001A7B002A00F0AF8093ED000A57480221F4
:1022C0000DF070FB674955480DF004FA63691A79FF
:1022D000002A00F0E18093ED000A504802210DF041
:1022E00061FB61494D480DF0F5F923691A7B002A1D
:1022F00000F0DB8093ED010A484802210DF052FB0B
:102300005A4946480DF0E6F923691A7B002A00F085
:10231000CF8093ED020A414803210DF043FB54495D
:102320003E480DF0D7F9A3695A7B002A00F0C3801C
:1023300093ED010A394804210DF034FB4D4937482B
:102340000DF0C8F9A3695A7B002A00F0B78093ED1D
:10235000020A324801210DF025FB47492F480DF0B4
:10236000B9F9E3695A7C002A00F0AB8093ED020AC8
:102370002A4802210DF016FB404928480DF0AAF921
:10238000236A5A7D002A00F09F8093ED030A2348B8
:1023900001210DF007FB3A4920480DF09BF9636AD3
:1023A0005A7A002A00F0938093ED000A1B4803211B
:1023B0000DF0F8FA334919480DF08CF9636A5A7A2E
:1023C000002A00F0878093ED010A144801210DF0E6
:1023D000E9FA2D4911480DF07DF9236B0F4893ED73
:1023E000000A03210DF0DEFABDE8384027490B480A
:1023F0000DF088B99FED270AC7E69FED260AD4E6BF
:102400009FED240AE1E69FED230AEEE69FED210A07
:10241000FBE61F4908E79FED1F0A4FE72C04002049
:10242000F1410108004201080F4201081D42010864
:102430002E42010838420108424201084C4201087C
:102440005A4201086A420108FE4101087842010827
:1024500085420108934201089B420108AE420108EF
:10246000C1420108D2420108E4420108F6420108D3
:102470000243010812430108244301082B430108C9
:1024800037430108454301085543010866430108E5
:102490001A4601080000000023691A7B12B193ED6F
:1024A000010A1AE7B3EE090A17E71FED060A23E748
:1024B0001FED080A2FE71FED090A3BE71FED0B0A86
:1024C00047E7B1EE0C0A53E71FED0E0A5FE71FED79
:1024D0000F0A6BE71FED110A77E700BF2DE9F843FC
:1024E00004460D4676487749DDF820901E4617468B
:1024F0000DF008F9744972480DF004F973497048F9
:102500000DF000F972496E480DF0E4F871496C481D
:102510000DF0F8F870496A480DF0DCF86F4968482A
:102520000DF0F0F86E4966480DF0ECF86D4964481E
:102530000DF0E8F86C4962480DF0CCF82378002BD8
:1025400040F0BA8001F016F901465D480DF0CBF875
:1025500066495B48DFF80C820DF0D4F864495848AE
:102560000DF0B8F86178634B5548002908BF434621
:1025700019460DF0C7F8604951480DF0ABF85F4BB4
:10258000A1785F4A4E48002908BF1A4611460DF04F
:10259000B9F85C494A480DF09DF85B4948480DF090
:1025A000B1F85A4946480DF095F8594944480DF09C
:1025B000A9F8584942480DF08DF8574940480DF0A8
:1025C000A1F856493E480DF085F8E179544B3C4856
:1025D000002908BF434619460DF094F85149384880
:1025E0000DF078F801F0A4FD4F4B5049002808BFCA
:1025F000194633480DF086F84D4931480DF06AF818
:102600006B7A002B5AD095ED000A2D4802210DF06F
:10261000C9F948492A480DF05DF8002195ED010AF5
:1026200027480DF0BFF944492548444C0DF06AF89D
:102630002B4923480DF066F8414921480DF062F816
:1026400029491F480DF046F897F830103D4B3E4A97
:102650001B48002918BF1A4611460DF053F83B4994
:1026600017480DF037F8317B394B1548002918BF52
:10267000234619460DF046F8364911480DF02AF860
:1026800099F80410324B0E48002918BF234619460A
:102690000DF038F812490A480DF034F82E49084870
:1026A0000DF030F82D4906480DF02CF8BDE8F84340
:1026B0002B4903480DF026B80E494AE70D49B3E708
:1026C0002C04002004380108CC4301080538010817
:1026D000F8430108004201080D44010822440108A2
:1026E0003244010860440108734401088844010829
:1026F0009244010884430108A74401086F4301087C
:10270000D3500108BC440108D1440108DE4401084B
:10271000F344010800450108154501082245010858
:102720007C43010837450108984301088A430108A2
:102730004C4501086145010866450108C14301088F
:102740006945010811510108A743010878450108AE
:10275000BF4301088D450108A2450108BC45010899
:10276000AB3F01086843010807B524230093092201
:102770000A2105480CF0BAFD044B00225A60044AB5
:102780001A6003B05DF804FB340400202C04002020
:102790004C640108064890F8103110B50C460BB196
:1027A0000CF0C0FC214603480CF0BCFC012010BD1D
:1027B0006052002034040020074838B590F81031EA
:1027C0000D4614460BB10CF005FD22462946034880
:1027D0000CF000FD204638BD60520020340400207B
:1027E00008B504480CF037FEBDE8084002480CF07C
:1027F00032BE00BF605200203404002008B50548F6
:102800000CF06DFC20B10348BDE808400CF067BC3B
:102810000148F9E7340400206052002008B505485B
:102820000CF05DFC20B10348BDE808400CF00ABF85
:102830000148F9E7340400206052002038B53B49D4
:102840003B480CF05FFF3B4939480CF05BFF3A49CD
:1028500037480CF057FF012400253848214603F083
:1028600051FC364803F056FCC8B9354930480CF0E5
:1028700031FF0F2C03D833492D480CF02BFF2C4887
:10288000102221460CF0BEFF2C2C30D12E492848B6
:102890000CF020FF26480CF02DFF0135EDB201347D
:1028A000E4B27F2CD9D1002D35D1284920480CF035
:1028B00029FF27491E480CF025FF26491C480CF02B
:1028C00021FF25491A480CF01DFF244918480CF037
:1028D00019FF234916480CF015FF224914480CF043
:1028E00011FFBDE83840204911480CF00BBF1E2CE9
:1028F00001D11E49CBE70D2C01D11D49C7E73C2C66
:1029000001D11C49C3E7762C01D11B49BFE7772CC5
:10291000C0D11A49BBE71A4905480CF0DBFE0A2270
:10292000294603480CF070FFDBE700BFED450108C6
:102930002C04002008460108EE450108104D002037
:102940001C460108656201082F4601081A47010864
:10295000585901083047010882470108AA47010871
:10296000F74701084B480108BE4801085B460108CB
:102970007F460108AB460108D3460108F646010828
:102980009D48010870B58AB006460C46014601A86C
:102990000DF09DF801A80DF02FF9884904A80DF05D
:1029A00062F8202101A80DF0FAF8051E1CDD039B3A
:1029B0006A1C01A907A80DF0F5F807A904A80DF0F5
:1029C00090F807A80DF007F804A80DF015F92B46AC
:1029D000002201A907A80DF0E5F807A901A80DF04C
:1029E00080F807A80CF0F7FF01A80DF0F9F874497A
:1029F00001A80DF0B4F848B1FFF7ACF804A80CF04A
:102A0000EAFF01A80CF0E7FF0AB070BD6D4901A80C
:102A10000DF0A5F8002800F00F816B496B486C4D54
:102A20000CF070FE6B4969480CF054FE6A49674827
:102A30000CF068FE694965480CF04CFE6849634833
:102A40000CF060FE674961480CF044FE00F092FE15
:102A500001465E480CF047FE63495C480CF03AFEC4
:102A6000A36A187800F0F0FD014658480CF05EFEAD
:102A70005E4956480CF02EFEA36A587800F0E4FD3B
:102A8000014652480CF052FE594950480CF022FEC3
:102A9000A36A987800F0D8FD01464C480CF046FE39
:102AA00054494A480CF016FEA36AD87800F0CCFDD1
:102AB000014646480CF03AFE4F4944480CF00AFEE5
:102AC000A36A187900F0C0FD014640480CF02EFEC4
:102AD0004A493E480CF0FEFDA36A587900F0B4FD67
:102AE00001463A480CF022FE454938480CF0F2FD08
:102AF000A36A987900F0A8FD014634480CF016FE50
:102B0000404932480CF0E6FDA36AD87900F09CFDFC
:102B100001462E480CF00AFE3B492C480CF0DAFD29
:102B200063683A4A93F83010394B2848002918BF97
:102B30001A4611460CF0E6FD364924480CF0CAFD51
:102B4000E3692248197C314B002918BF2B461946EE
:102B50000CF0D8FD30491D480CF0BCFD236A1B4821
:102B6000197D2A4B002918BF2B4619460CF0CAFDC7
:102B70002A4916480CF0AEFD02F054FB284B2949B7
:102B8000002808BF194611480CF0BCFD26490F4823
:102B90000CF0A0FD236BDFED257A93ED000A0B48C6
:102BA00020EE270A01210CF0FDFE214907480CF018
:102BB000A9FD204905480CF0A5FD1FE77B6201082F
:102BC0003D4901088E400108424901082C040020BB
:102BD000C1430108F9430108004201086C4901089A
:102BE00022440108804901089449010898490108D4
:102BF000AC490108C0490108D4490108E849010865
:102C0000FC490108104A0108244A0108BF43010891
:102C100011510108384A01084C4A0108604A01086C
:102C2000E1410108F0480108744A01080000C84267
:102C300087410108C64801089A4901A80CF08FFF96
:102C4000002800F09D80984998480CF05BFD2368AF
:102C500093F82130002B00F09180954993480CF0B7
:102C600039FD00F087FD014690480CF05FFD914969
:102C70008E480CF02FFD23688C4893ED060A012145
:102C80000CF090FE8C4989480CF024FD236887489D
:102C9000D9690CF028FD894984480CF033FD884936
:102CA00082480CF017FD2368804893ED020A032147
:102CB0000CF078FE83497D480CF024FD82497B4866
:102CC0000CF008FD2368794893ED030A03210CF00A
:102CD00069FE7C4975480CF015FD7C4973480CF081
:102CE000F9FC2368714893ED040A03210CF05AFEA5
:102CF00074496E480CF006FD75496C480CF0EAFC0E
:102D000023686A4893ED050A03210CF04BFE6D49D8
:102D100066480CF0F7FC6F4964480CF0DBFC236854
:102D20006248B3F900100A220CF053FD6A495F486B
:102D30000CF0D0FC23685D48B3F902100A220CF0B5
:102D400048FD654959480CF0C5FC23685748B3F95C
:102D500004100A220CF03DFD604954480CF0D2FCEE
:102D60005F4952480CF0B6FC23685E4A93F8201085
:102D70005D4B002918BF1A4611461BE75B4919E74E
:102D80005B4901A80CF0EBFE00283CD059494748AC
:102D90000CF0B8FC236893F82130002B31D0564951
:102DA00042480CF097FC2368404893ED060A012145
:102DB0000CF0F8FD51493D480CF0A4FC50493B484B
:102DC0000CF088FC23683948D9690CF0AFFC4D49F8
:102DD00036480CF07FFC00F0CDFC014633480CF087
:102DE000A5FC494931480CF075FC01219FED470ACB
:102DF0002E480CF0D7FD41492C480CF083FC444987
:102E0000D8E64449F8E7444901A80CF0A8FE10B1FF
:102E1000FFF714FDF2E5414901A80CF0A0FE0028DF
:102E2000F6D13F4901A80CF09AFE002800F08C80F2
:102E30003C491E480CF066FC23691B7B002B2ED0FE
:102E400039491A480CF046FC2369184893ED000AEA
:102E500002210CF0A7FD354914480CF053FC34490D
:102E600012480CF037FC2369104893ED010A022147
:102E70000CF098FD2F490D480CF044FC2E490B48EE
:102E80000CF028FC2369094893ED020A03210CF099
:102E900089FD2A4905480CF035FC29498AE629496B
:102EA00088E600BF884A01088C4A01082C040020EB
:102EB000AC4A0108BE4A01081340010867450108F1
:102EC000D04A010826400108E24A0108F44A0108F4
:102ED000064B0108184B01082B4B010890440108D0
:102EE0002E4B0108FB480108F7480108404B010838
:102EF000FF3F0108704B0108914B0108A34B0108EB
:102F0000A84B0108BA4B0108CC4B01080000000097
:102F1000CF480108DE4B010817460108FD4B0108A8
:102F200096400108014C0108224C01089F4001080D
:102F3000314C0108FB400108404C0108BC4001082D
:102F40004F4C0108894C0108A04901A80CF007FE6C
:102F500000282DD09E499F480CF0D4FB63691B7953
:102F600013B39D499B480CF0B5FB6369994893EDF9
:102F7000000A02210CF016FD984996480CF0C2FB9D
:102F800023691B7B93B1964992480CF0A3FB2369FC
:102F9000904893ED010A02210CF004FD8F498D4801
:102FA0000CF0B0FB8F4905E68F49E6E78F49F6E75D
:102FB0008F4901A80CF0D3FD002831D08D498548F8
:102FC0000CF0A0FBA3695B7B43B38B4981480CF0F9
:102FD00081FBA3697F4819880A220CF0FCFB874912
:102FE0007C480CF077FBA3697A4893ED010A032132
:102FF0000CF0D8FC824977480CF084FB8149754875
:103000000CF068FBA369734893ED020A01210CF0F0
:10301000C9FCA3697C4A197B7C4BAAE67C49C9E5BB
:103020007C4901A80CF09BFD002845D07A496948ED
:103030000CF068FBE3695B7C002B3BD0774965486B
:103040000CF048FBE369634893ED020A02210CF09F
:10305000A9FCE369724A197C724B5E48002918BFCB
:103060001A4611460CF04EFB64495A480CF032FBEC
:10307000E369584893ED010A03210CF093FC604981
:1030800054480CF03FFB5C4952480CF023FBE369C9
:10309000504819880A220CF09EFB63494D480CF0F9
:1030A00019FBE3694B4893ED030A01210CF07AFC0C
:1030B0004A497FE55D497DE55D4901A80CF04FFD7A
:1030C000002848D05B4943480CF01CFB236A5B7D19
:1030D000002B3ED058493F480CF0FCFA236A3D488B
:1030E00093ED030A01210CF05DFC236A534A197D1C
:1030F000534B3848002918BF1A4611460CF002FB02
:10310000504934480CF0E6FA236A324893ED020A3B
:1031100003210CF047FC3A492E480CF0F3FA3749EA
:103120002C480CF0D7FA236A2A4893ED010A0321B0
:103130000CF038FC324927480CF0E4FA2E492548B7
:103140000CF0C8FA236A234819880A220CF043FBC2
:1031500054E43D492EE53D4901A80CF000FD00284E
:1031600000F082803A491B480CF0CCFA636A5B7A23
:1031700053B3384917480CF0ADFA636A154893ED1C
:10318000000A02210CF00EFC1D4912480CF0BAFA9C
:10319000314910480CF09EFA636A0E4893ED010A1B
:1031A00001210CF0FFFB2D490A480CF0ABFA2C4929
:1031B00008480CF08FFA636A187AFEF7A9FC0146FA
:1031C00004480CF0B3FA19E42649F3E4B14C0108C1
:1031D000B64C01082C040020D44C0108FB40010827
:1031E000184D0108D2480108EB4C0108304D010888
:1031F0004F4D0108594D0108734D0108844D0108D8
:103200005E410108954D010803490108FE48010887
:10321000A64D01080E4F0108C54D0108D84D010803
:10322000074901081B490108E94D0108FA4D010849
:10323000154F0108124E0108264E010829490108C0
:1032400017490108374E0108484E01087F4101081F
:10325000614E01087A4E01088B4E01088741010832
:103260009C4E0108AD4E01086B4901A80CF077FC9B
:1032700020B1606800F02AFEFFF7C0BB674901A8D3
:103280000CF06DFC20B1606800F082FBFFF7B6BB6C
:10329000634901A80CF063FC20B1606800F092FB68
:1032A000FFF7ACBB5F4901A80CF059FC28B101F055
:1032B000FBFA00283FF4A2AB0EE05B4901A80CF03A
:1032C0004EFC10B101F056FBF3E7584901A80CF091
:1032D00046FC88B101F0C0FB01F09EFF00283FF4DE
:1032E0008DAB01F0DFFB044602F06EFD0146204687
:1032F00002F0F2FBFFF782BB4D4901A80CF02FFC56
:1033000060B1069B43B104A80CF0AAFC2369D3ED7D
:10331000010A02F0A1FCCCE746494BE4464901A86A
:103320000CF01DFC10B102F033FDD5E7434901A8B4
:103330000CF015FC20B1E06A01F034FCFFF75EBB35
:103340003F4901A80CF00BFC18B102F08FF9FFF710
:1033500055BB3C4901A80CF002FC18B102F0AAF9D7
:10336000FFF74CBB384901A80CF0F9FB28B1D4E9B0
:10337000020101F089FDFFF741BB344901A80CF0BF
:10338000EEFB00283DD032493248334C0CF0BAF9FC
:10339000324930480CF09EF901F03EFF30490028D8
:1033A00018BF21462B480CF0ADF92E4929480CF0E6
:1033B00091F901F037FF2A49002818BF2146254816
:1033C0000CF0A0F9284923480CF084F901F034FFEF
:1033D000014620480CF0AAF924491E480CF07AF95D
:1033E00001F0FEFF40B101F02BFF014619480CF03F
:1033F0009DF91F49FFF7DEBB1E4916480CF082F904
:10340000F7E71D4913480CF065F9314611480CF0F7
:1034100065F91A49FFF7CEBBCA4E0108D44E010820
:10342000E64E0108F64E0108FF4E0108084F01085C
:10343000114F0108194F0108544F01085E4F010850
:103440006A4F0108744F01087D4F01088C4F010835
:10345000964F01082C040020F7480108B64F0108D8
:10346000FB480108CF4F0108E84F0108015001084F
:10347000D04801081A500108265001083F500108A1
:10348000064A0749074800231380074A1380074A62
:103490001370074A13600CF035B900BF54050020C3
:1034A000645001082C040020520500205005002023
:1034B0004C05002038B50B4D01462C880A4848229F
:1034C00002FB04000DF0F7FE0134FA23B4FBF3F223
:1034D00003FB1244054A2C801388F92B9CBF01334F
:1034E000138038BD540500205805002052050020E7
:1034F0002DE9F04703784F4E022B377892B00C46F7
:1035000040F08F80002F2DD001F086FE002834D0AF
:10351000B4F90C30ADF80C3023690493636905935A
:10352000A3690693E3690793236A0893636A09937F
:10353000A36A0A93E36A0B93236B626821680C9376
:10354000636B0D93A36B0E93CDE90012E36BA2683E
:1035500002920F93236C10936846636C119301F0F1
:1035600073FE0AE00123344D337083692B6001F050
:1035700053FE28B93378002BC6D112B0BDE8F087CE
:10358000286802F0DDF90028F4D02C4BDFF8B08079
:103590001B88B8F80020DFF8ACA09B1AFA334FF074
:1035A000FA0993FBF9F209FB12339DB2B8F8002037
:1035B000BBB29A42DED915FA87F1B1FBF9F309FBE8
:1035C0001311482359430AEB01035AF801105A68B2
:1035D000B3F90C00CDE900129A6802921A690492BC
:1035E0005A6905929A690692DA6907921A6A0892EC
:1035F0005A6A09929A6A0A92DA6A0B921A6B0C92C8
:103600005A6B0D929A6B0E92DA6BADF80C000F921A
:1036100068461A6C5B6C10921193013701F014FE2E
:10362000C4E7002FA9D00023337012B0BDE8F047E3
:1036300002F004BA500500204C050020540500207B
:10364000520500205805002004289ABF024B53F869
:1036500020000248704700BF68640108783A0108FA
:103660000278022A97BF3B4BDFED3B7A03EB8203E4
:10367000D3ED007A4378012B38D0022B39D01BB917
:103680009FED367A77EE877A8378002B34D0012B42
:1036900037D0C378002B37D0012B3AD00379002BD9
:1036A0003AD0012B3DD04379002B3DD0012B40D0A7
:1036B0008379012B40D0022B41D01BB99FED277A93
:1036C00077EE877AC379EBB3012B40D0037A1BB135
:1036D0009FED237A77EE877AB7EE000AF4EEC07A90
:1036E000F1EE10FAD8BFB0EE670A70479FED1D7A71
:1036F000C8E79FED1D7AC5E79FED187A77EE877AC8
:10370000C7E79FED187AF9E79FED147A77EE877A8D
:10371000C4E79FED137AF9E79FED107A77EE877A89
:10372000C1E79FED0F7AF9E79FED0C7A77EE877A84
:10373000BEE79FED0B7AF9E79FED0C7AC0E79FEDAE
:103740000A7ABDE79FED067A77EE877ABEE79FEDAE
:10375000087AF9E75C64010800000000CDCCCC3D9C
:10376000CDCC4C3D8FC2753D8FC2F53C295C8F3D61
:103770000AD7A33C054B1B78013BDBB2022B9ABF57
:10378000034A52F823000348704700BFA84B0020AB
:103790007C640108CC50010808B5F0EE607A2DED8C
:1037A000028BF0EE400AB0EE670AB0EE418A0FF0ED
:1037B00077FCDFED0E7AA8EE270ADFED0D7AB5EE85
:1037C000C00AF1EE10FA08D530EE270ABDEC028BE4
:1037D000DFED087A20EE270A08BDB4EEE70AF1EE25
:1037E00010FAA8BF30EE670AF0E700BF35FA8E3C4A
:1037F000DB0FC940E12E6542DFED257AB4EEE70A22
:10380000F1EE10FA35DADFED237AB4EEE70AF1EEE5
:1038100010FA2ED42FDBDFED207AB4EEE70AF1EEBA
:1038200010FA2AD4DFED1D7AB4EEE70AF1EE10FAB1
:1038300025D4DFED1B7AB4EEE70AF1EE10FA20D4BE
:10384000DFED187AB4EEE70AF1EE10FA1BD4DFEDE3
:10385000167AB4EEE70AF1EE10FA16D4DFED137A19
:10386000134B1448B4EEE70AF1EE10FA58BF1846AD
:103870007047114870470E4870471048704710480D
:10388000704710487047104870471048704700BF95
:1038900000C0A8430000B441000087420000E1429C
:1038A00000801D4300804A430080774300409243DC
:1038B000E1500108E25001081A4601086140010880
:1038C0006F520108DB500108174F0108DE50010854
:1038D00010B590F821302DED028B0446002B52D00C
:1038E000D1ED007AD0ED026A91ED017A91ED026A94
:1038F00091ED048AD1ED078A76EEE76AD0ED037A7E
:1039000077EEC77A90ED047A27EE888A37EE467A0A
:1039100091ED036AA6EE268A91ED056A67EEA88A04
:10392000A6EE078A91ED066A80ED028AE6EE268A07
:1039300091ED086AE6EE078A91ED0A6AC0ED038A06
:1039400067EE867A91ED096AE6EE267A28EEA80AF5
:10395000D1ED0B6AA8EE080AE6EE877AA7EEA70A71
:10396000C0ED047A0FF09EFB9FED081A84ED050A66
:10397000F0EE680AB0EE480AFFF70EFF84ED060A83
:10398000FFF73AFFE061BDEC028B10BD00000000C4
:1039900000234FF07E520360436083600361436104
:1039A00083610362436283620023C260C261C262B8
:1039B00080F83030014902480BF0A4BEE450010801
:1039C000605200202DE9F0412C4904462C480BF0B0
:1039D00099FE2C492A480BF07DFE94ED000A2848F8
:1039E00003210BF0DFFF284925480BF073FE94ED0F
:1039F000010A234803210BF0D5FF244920480BF08E
:103A000069FE94ED020A1E4803210BF0DAFF2049FB
:103A10001B480BF077FE04F10C0504F130081D493A
:103A200017480BF057FE2F460326B7EC010A14483F
:103A300004210BF0B7FF184911480BF04BFE013E73
:103A4000F3D116490E480C350BF05CFE4545E6D126
:103A500013490B480BF03EFE94F83010114B124AFC
:103A60000748002918BF1A4611460BF04BFEBDE867
:103A7000F0410E4902480BF045BE00BF1851010845
:103A80006052002039510108545101085851010871
:103A90005C5101086E5101087155010890440108FC
:103AA0007351010809510108A7430108CF480108D3
:103AB00038B50D4601460848144602F023FB294656
:103AC000054802F033FD2146034802F02FFDBDE812
:103AD0003840014802F01EBB104D0020F8B50F46DB
:103AE00006460146124814461D4602F00BFB3946B5
:103AF0000F4802F01BFD0E48002102F069FDA8B935
:103B00000B482A46314602F0F5FAC0B285420DD183
:103B10002544074802F002FB40B1054802F002FBD1
:103B200004F8010BAC42F4D10120F8BD0020FCE701
:103B3000104D002030B565496548664D85B00BF0E5
:103B4000E1FD654962480BF0DDFD2C21634802F080
:103B500045FC624802F0DEFA0146002851D1FF23FD
:103B60008DF807300DF1070201232C20FFF7B6FF77
:103B700080220B212C20FFF79BFF0F200CF040FA36
:103B800040220D212C20FFF793FF0A200CF038FA79
:103B9000062229212C20FFF78BFF0A200CF030FA97
:103BA00008220B212C20FFF783FF0A200CF028FAB3
:103BB0000F220A212C20FFF77BFF0F200CF020FAA8
:103BC000062302AA01212C20FFF788FFC8B1012398
:103BD0002B70434B43493E482C221A700BF07AFD60
:103BE0009DF807103A4810220BF00CFE3E49384869
:103BF0000BF088FD3D4936480BF084FD012005B0EF
:103C000030BD3B4932480BF07DFD34481E2102F0A7
:103C1000E5FB324802F07EFA0446F8B90146782204
:103C20001E20FFF745FF202201211E20FFF740FF45
:103C3000224602211E20FFF73BFF0F200CF0E0F987
:103C4000062302AA03211E20FFF748FF30B10223FA
:103C50002B70234B27491E221A70C8E726491C489F
:103C60000BF050FD1D480D2102F0B8FB1B4802F07F
:103C700051FA044610BB80220A210D20FFF718FFDD
:103C80000F200CF0BDF901220B210D20FFF710FFD2
:103C90001D2209210D20FFF70BFF0F200CF0B0F9BA
:103CA000062302AA21460D20FFF718FF30B1032397
:103CB0002B700B4B11490D221A7098E70024104904
:103CC00003482C700BF01EFD204698E77C5101083C
:103CD00060520020A84B0020A6510108104D002082
:103CE000A8000020D05101086745010804520108CE
:103CF0001C52010847520108715201089C520108E8
:103D0000BC52010870B56D4B2DED028B1D78012D55
:103D100084B0044642D100238DF807300DF107022C
:103D20002B4609212C20FFF7D9FE062302AA29469B
:103D30002C20FFF7D3FE30B984F82100002004B016
:103D4000BDEC028B70BDBDF908309DF80720DFED9A
:103D50005C6A07EE103ABDF90A3007EE903A029B12
:103D60002360C2F34002BDF90C30A380B8EEC77ADD
:103D700084F82020F8EEE77A87EE268A6584C7EE7D
:103D8000A68A07EE903AB8EEE77A84ED028AC7EE8B
:103D9000267AC4ED038AC4ED047A42E0022D5BD199
:103DA000062302AA03211E20FFF798FE0028C3D095
:103DB000BDF80830BDF80A20BDF80C505BBA19B246
:103DC00052BA6DBA11F5805F2380A28013B265806C
:103DD0002AB207D013F5805F18BF12F5805F0CBFC1
:103DE0000120002007EE901ADFED366A84F82000EB
:103DF000F8EEE77A87EEA68A07EE902AF8EEE77AE1
:103E000084ED028AC7EEA68A07EE903AB8EEE77A0A
:103E10004FF48173C7EE267A6384C4ED038AC4ED40
:103E2000047A28EEA80AA8EE080AA7EEA70A0FF05F
:103E300039F99FED251A84ED050AF0EE680AB0EE17
:103E4000480AFFF7A9FC84ED060AFFF7D5FCE061FC
:103E5000012084F8210072E7032D4FF0000629D1DC
:103E600001230DF1070206210D208DF80760FFF7F1
:103E700035FE062302AA31460D20FFF72FFE00284B
:103E80003FF45AAFBDF908309DF8072007EE103A0D
:103E9000BDF90A3007EE903A029B2360C2F340025C
:103EA000BDF90C30A380B8EEC77A84F82020F3EE79
:103EB0000E6A5FE780F8216040E700BFA84B002052
:103EC0000000164266662E4100000000F0B52DEDA0
:103ED000068B73499FED738ADFED739A8BB00446AE
:103EE00072480BF00FFC724970480BF00BFC7149E3
:103EF0006E480BF007FC70496C480BF003FC6F49EF
:103F00006A480BF0FFFB0CF079F80646022001F03E
:103F10001DF90025F0EE488AB0EE69AAB0EE489A85
:103F2000F0EE69AA43F697270CF068F8831BBB42B2
:103F30000ED9632D4FF003004AD801F007F960490C
:103F40005A480BF0DFFB00200BB0BDEC068BF0BD38
:103F50002422002101A80DF0F0F801A8FFF7D2FEFD
:103F600080B3DDED036A9DED047ADDED057AF4EEB4
:103F7000E6AAF1EE10FAB4EEE69AC8BFF0EE66AA31
:103F8000F1EE10FAB4EEC7AA48BFB0EE669AF1EEB1
:103F900010FAF4EEC78AC8BFB0EE47AAF1EE10FAE5
:103FA000F4EEE79A48BFF0EE478AF1EE10FAB4EE6D
:103FB000E78AC8BFF0EE679AF1EE10FA48BFB0EE9C
:103FC000678A013501F0D8F814200CF019F8ABE736
:103FD00001F0BCF83AEE897AF6EE007A27EE277AFD
:103FE00039EE6A9A84ED007A3AEE287A78EECA8A37
:103FF00027EE277A29EE279A84ED017A39EE887A1E
:1040000068EEA78A27EE277A38EE698A84ED027A6D
:1040100028EE278A39EE287AF0EE086A37EE087A19
:104020004FF07E52C7EE267AE260E2610023236100
:104030006361A36123626362A3620123E262214997
:1040400084F830309FED207A1848B4EEC79AF1EE2C
:1040500010FAC8BFC7EE896AF4EEC78AC8BFC4EDBC
:10406000036AF1EE10FAC8BFC7EEA86AB4EEC78AB9
:10407000C8BFC4ED076AF1EE10FAC4BF87EE887AB4
:1040800084ED0B7A0BF03EFB2046FFF79BFC01F022
:10409000C3F808B9012057E7204601F0EDFCF9E725
:1040A00005530108804FC3C7804FC34760520020AB
:1040B0003153010855530108825301080653010882
:1040C0009E530108D8530108CDCCCC3D37B501250E
:1040D0002B46104800953C22022104F03DFA0E4B7D
:1040E000044638B90D4918700D480BF00BFB2046FB
:1040F00003B030BD1D700B4B00221A700BF07EFF19
:10410000094B1860034804F018FA024804F0B4FDA3
:104110000649E9E7B44B0020B14B002041540108A7
:1041200060520020B04B0020AC4B002089540108A5
:10413000014B1878704700BFB14B00201FB5084BEA
:10414000084A0948CDE901324FF0FF33009340227D
:10415000064B802104F0DEF805B05DF804FB00BFDB
:10416000801A0600A0860100B44B0020104D0020EC
:10417000014804F0FFB800BFB44B002070B51C4CE0
:1041800086B00546204604F0D8F92046012103F008
:10419000FAFC4FF0011363610DF11603039305ABB5
:1041A00002930DF11203019304AB009300231A460E
:1041B0002946204603F0B8FDBDF914300C48C3F180
:1041C00080035A1CA6BF03EBD37343F34F030023B2
:1041D00001262946238266820BF085FA0A220448CA
:1041E000019600927F23002103F031FA06B070BDE2
:1041F000B44B0020124B1B7810B5FBB1114C124888
:10420000FFF7BCFF0F48012103F0BDFC4FF0121374
:104210000E49236120460BF05DFA0D4B0D492361D9
:1042200020460BF057FA0C4B0C49236120460BF04B
:1042300051FA2046BDE8104004F01EBD10BD00BF7D
:10424000B14B0020B44B0020C6540108D1540108E2
:104250000E002200E154010808003000F15401086A
:10426000B24B1B7870B50446002B00F057820BF060
:10427000C5FEAF490B6840F6AB52C31A9342AD4A34
:1042800005D913780860013303F003031370157820
:10429000012D7ED0022DA84E00F0D480002D40F0DC
:1042A000BB81A648FFF76AFFA54BA6491E611846C9
:1042B0000BF010FA94ED050AB4EE400AF1EE10FA94
:1042C00056D6B5EEC00AF1EE10FA51DBDFED9E7A5C
:1042D000B4EEE70AF1EE10FA4AD5022198480BF045
:1042E00061FB9A4996480BF00DFA954A984B99490B
:1042F000136110460BF0EEF994ED070AB4EE400A94
:10430000F1EE10FA0DD6DFED947AB4EEE70AF1EE95
:1043100010FA06DDDFED917AB4EEE70AF1EE10FA5D
:1043200028D48F4986480BF0EDF9854A8D4B8E498C
:10433000136110460BF0CEF994ED0B0AB5EEC00AEE
:10434000F1EE10FA1CDD01217D480BF02BFB8749B3
:104350007B480BF0D7F97A4A854B864913611046A2
:104360000BF0B8F994F8343063B18349744862E0D3
:104370007B49B7E7012172480BF014FB7F49D1E775
:104380007F49E5E794F835300BB17E49EEE77E4989
:10439000ECE76B4E7D48FFF7F1FE7D4B7D493361C5
:1043A00030460BF097F90A22B4F9001030460BF0B2
:1043B00010FA794B7949336130460BF08BF90A22B8
:1043C000B4F9021030460BF004FA754B75493361AD
:1043D00030460BF07FF90A22B4F9041030460BF096
:1043E000F8F9714B7149336130460BF073F994ED74
:1043F000020A294630460BF0D5FA6D4930460BF0DB
:1044000081F96C4B6C49336130460BF063F994EDE4
:10441000030A002130460BF0C5FA684930460BF01C
:1044200059F92169664B3046002908BF19460BF03F
:104430005AF9644930460BF065F9BDE870404048D0
:1044400004F01ABC6048FFF799FE3D4B5F491E61BE
:1044500018460BF03FF994ED080AB4EE400AF1EE6D
:1044600010FA5DD6B5EEC00AF1EE10FA58DBF2EEA6
:104470000C7AB4EEE70AF1EE10FA51D8304829462A
:104480000BF09FFA2E4A324B5149136110460BF044
:1044900021F994ED090AB4EE400AF1EE10FA05D6BE
:1044A000B5EEC00AF1EE10FA80F298802C4924484B
:1044B0000BF028F9224A2B4B4649136110460BF0AA
:1044C00009F994ED0A0AB4EE400AF1EE10FA05D6A5
:1044D000B5EEC00AF1EE10FA80F28C80204918483F
:1044E0000BF010F9164A224B3B49136110460BF0B2
:1044F000F1F894ED070AB4EE400AF1EE10FA0DD689
:10450000DFED157AB4EEE70AF1EE10FA06DDDFED25
:10451000137AB4EEE70AF1EE10FA77D4104925E7E2
:104520000F4907480BF0EEF8ACE700BFB14B002095
:10453000AC4B0020B04B002004000F00C654010813
:10454000B44B00204B5501080000C842BC40010894
:1045500004001B0055550108000020C20000AA42BB
:104560008E4B0108040027005F5501085E410108D9
:10457000040033006955010873550108FB40010828
:10458000C6500108B64501087B550108835501084E
:1045900004000E009255010844000E0096550108D3
:1045A00004001A009A550108040026009E550108CF
:1045B0002640010804003200A655010813400108F6
:1045C0001A4601086745010844410108AE55010833
:1045D000B5550108BC550108C35501080EF088FD0A
:1045E000FDEEC07A4E4817EE901A0A220BF0F1F851
:1045F0004C495CE70EF07CFDFDEEC07A484817EEB2
:10460000901A0A220BF0E5F8474968E7012144486F
:104610000BF0C8F94549A9E64548FFF7AFFD404B07
:1046200044491E6118460BF055F894ED050AB4EEA6
:10463000400AF1EE10FA63D6B5EEC00AF1EE10FAB8
:104640005EDBDFED3D7AB4EEE70AF1EE10FA57D506
:10465000022133480BF0A6F9384931480BF052F8E3
:104660002F4A374B3749136110460BF033F894ED5E
:10467000060AB4EE400AF1EE10FA0DD6DFED327AFA
:10468000B4EEE70AF1EE10FA06DDDFED307AB4EEB3
:10469000E70AF1EE10FA35D42D4921480BF032F833
:1046A0001F4A2C4B2C49136110460BF013F894ED64
:1046B000070AB4EE400AF1EE10FA0DD6DFED277AC4
:1046C000B4EEE70AF1EE10FA06DDDFED257AB4EE7E
:1046D000E70AF1EE10FA1BD41D4911480BF012F84D
:1046E0000F4A204B2049136110460AF0F3FF94F85B
:1046F00036101E4B1E4A002918BF1A46114635E6D1
:104700001349AAE7012106480BF04CF91949C4E7FF
:10471000012103480BF046F90449DEE770BD00BFF4
:10472000B44B002079410108FE480108FB40010814
:10473000CA550108DB5501080000C842BC40010809
:1047400004001B00E6550108000096430000964453
:104750008E4B010804002700F1550108000020C21B
:104760000000AA4204003300FC5501086843010818
:10477000455501089F40010808B50521C2200BF0EE
:104780006BFB054905480AF0BDFFBDE80840044938
:1047900002480AF0B7BF00BF075601086052002068
:1047A0003856010870B505462DED028B1026B0EE87
:1047B000408A0024C2200BF039FB044464200BF033
:1047C0002DFC013EF6D1C4F30F14B4F5805F1FD267
:1047D00007EE904A9FED2C7A2C4B2C80FBEECA7A88
:1047E0001A7B85ED038A67EE877A9FED297AC5EDFE
:1047F000017AF4EEC77AF1EE10FA2A7406D49FED2E
:10480000257AF4EEC77AF1EE10FA06DD0023AB60EC
:104810000020BDEC028B687470BD9FED1F7A38EEEE
:10482000070AB4EEC70AF1EE10FA08D49FED1B7A1E
:10483000B4EEC70AF1EE10FAD8BFB0EE407AD3ED6D
:10484000006A9FED176A77EEE67AD3ED026A67EEAB
:10485000A67AC6EE076AB1EE0C7AA7EEA67AF6EE55
:10486000007AB4EEE77AF1EE10FACFD4F2EE0B7ADA
:10487000B4EEE77AF1EE10FA01DD0A4BC7E785EDF9
:10488000027A0120C5E700BF33335340AC0000205B
:10489000CDCCCC3D66664640339388433393B043DA
:1048A000331395430000604138B5284928482DED61
:1048B000028B0AF027FF40250024C2200BF0B6FA35
:1048C00004440A200BF09CFB013DF6D108EE104A8F
:1048D000DFED207ABBEECD8A28EE278ADFED1E7A47
:1048E00028EE278ADFED1D7AB4EEE78AF1EE10FAA2
:1048F00006D4F0EE047AB4EEE78AF1EE10FA11DD98
:10490000174913480AF0E6FE0321B0EE480A1048A2
:104910000BF048F813490E480AF0F4FE0020BDECF5
:10492000028B38BD104C1149094884ED008A0AF009
:10493000D1FE94ED000A064803210BF033F80C4930
:1049400003480AF0DFFE0120E9E700BF76560108C0
:10495000605200200000803933335340CDCC4C3FAF
:10496000B8560108E3560108AC000020FC560108C7
:104970005E41010838B52B492B480AF0C3FE40249C
:104980000025C2200BF052FA05440A200BF038FB38
:10499000013CF6D107EE905A9FED247A244DDFEDCD
:1049A000256AFBEECD7A67EE877A9FED237A67EE74
:1049B000877A95ED007A37EEC77AB0EEC76AB4EE23
:1049C000E66AF1EE10FA05D51C4917480AF09AFE7E
:1049D000204638BDDFED1A6AC5ED017AC6EE877A4A
:1049E0001849114801242C73C5ED027A0AF072FEB1
:1049F00095ED010A0C4803210AF0D4FF12490A4838
:104A00000AF080FE114908480AF064FE95ED020A9A
:104A1000054803210AF0C6FF0D4903480AF072FE5B
:104A20000C49D2E728570108605200200000803965
:104A3000AC000020CDCCCC3D333353406757010848
:104A4000285C3FC0AB5701085E410108D4570108FC
:104A5000EC570108F2570108064B074907484FF089
:104A60007F521A60064A5A60064A9A6000221A73F8
:104A70000AF048BEAC000020155801086052002022
:104A800025060140246DB9C008B5C2200BF0CEF94F
:104A9000013880B240F6F87398428CBF00200120A4
:104AA00008BD000000487047AC000020084A30B53F
:104AB000034600F1080518685968144603C4083312
:104AC000AB422246F7D1186820601B79237130BDB4
:104AD000AC00002038B5294B1D782DED028B044623
:104AE0002DB90025BDEC028B2846257338BD24481E
:104AF00004F09AFB2248B0EE408A04F04FFBB4EE7B
:104B0000408AF1EE10FAECD6DFED1E7AB4EEE78AB9
:104B1000F1EE10FAE5D4DFED1C7AB4EEE78AF1EE9F
:104B200010FADEDCDFED197AB4EEE70AF1EE10FAE6
:104B3000D7D4DFED177AB4EEE70AF1EE10FAD0DC45
:104B4000DFED147A144B84ED010A88EE277A84EDA8
:104B5000007A93ED007AA7EE678ADFED107A88EE8F
:104B6000277ADFED0F7AB5EEC07AF1EE10FA58BF72
:104B7000F0EE477AC4ED027AB4E700BF204C002083
:104B8000244C00200060EA46009CE047000020C260
:104B90000000AA420000C842BC000020440F1D468D
:104BA0000000000038B51B4B1B7804462BB91A498E
:104BB0001A48BDE838400AF0A5BD194804F034FB96
:104BC000B4EE400AF1EE10FA22D6DFED167AB4EE1A
:104BD000E70AF1EE10FA1BDDDFED137AB4EEE70A17
:104BE000F1EE10FA14D59FED117A114D11490B48D1
:104BF000C0EE077AC4ED007AC5ED007A0AF06AFDCE
:104C0000022195ED000A05480AF0CCFE0A49CFE7DB
:104C10000A49CDE7204C0020595801086052002075
:104C2000244C00200060EA46009CE0470000C84297
:104C3000BC0000208F5801089F400108BD580108A2
:104C40000149024804F02AB9104D0020244C0020EC
:104C5000014804F047B900BF244C0020F7B50023F9
:104C6000664E037066493370074666480AF04AFD8F
:104C70007621654801F0B2FB634801F04BFA6349C5
:104C8000044660480AF03EFD5F48772101F0A6FB2C
:104C90005D4801F03FFAECB1002843D05C49594827
:104CA0000AF030FD5B4957480AF02CFD5A49554837
:104CB0000AF028FD594953480AF024FD5849514843
:104CC0000AF020FD57494F480AF01CFD00242046F9
:104CD00003B0F0BD762554494A480AF0FBFC102287
:104CE000294648480AF090FD4748294601F00AFA4B
:104CF0004548D02101F01AFC434801F00BFA98B165
:104D0000FF244A493F480AF0E5FC3E48102221466C
:104D10000AF078FD582C13D145493A480AF0F2FCC4
:104D2000582415E07725D6E737480122294601F0B7
:104D3000E1F90128E4D1344801F0F4F9C4B2E0E724
:104D4000A4F15603012B0CD83A492E480AF0DAFC9C
:104D500022463948294604F0EAF9044670B9374931
:104D6000B1E7602C01D13649EFE7364925480AF012
:104D7000C9FC631EDBB2FD2BD2D8E9E70423022273
:104D80000321CDE900332C48052304F0E5F8012385
:104D90003D70642033700BF033F927482A4D04F03E
:104DA00043FAB4EE400AF1EE10FA13D6DFED277A9B
:104DB000B4EEE70AF1EE10FA0CDDDFED257AB4EE81
:104DC000E70AF1EE10FA42BF9FED227AC0EE077AB1
:104DD000C5ED007A20490B480AF094FC1F490948A8
:104DE0000AF078FC95ED000A064802210AF0DAFD87
:104DF0001B4904480AF086FC69E700BF204C0020EC
:104E0000F258010860520020104D00200A59010894
:104E1000225901084F5901086B5901089559010899
:104E2000C5590108045A0108595A0108715A010864
:104E3000865A0108995A0108244C0020ED5A0108AD
:104E4000B55A0108D25A0108BC0000200060EA46A9
:104E5000009CE0470000C8422B5B0108465B01084C
:104E60009F40010800220023026042608260C2600D
:104E7000026183828361C1E903330B704B804A6016
:104E80008A600B758B6170470023002283828260E9
:104E9000C2600B704B804A600B75024802490AF0F1
:104EA00031BC00BF605200206B5B010838B50C4676
:104EB000417D61B9002343608360C3607A4B036125
:104EC0004FF4807380ED000A8382826138BD83696C
:104ED000DFED766AD0ED004A9FED756AD0ED025A9B
:104EE0009FED745A90ED044A8261D31A07EE903A0E
:104EF000F8EE677A237887EEA67A70EE647AB4EEDD
:104F0000C67A77EEE55AF1EE10FA54BFF0EE476A32
:104F1000F0EE466A85EEA67AD0ED035ADFED666ABA
:104F2000C0ED017A27EE057AC0ED027AA5EEA67AE9
:104F3000DFED626ADFED625A80ED037AF0EEE77A28
:104F400067EEA66AE4EE256AC0ED046AF7EE086A29
:104F5000F4EEE67AF1EE10FA01DC002B38D00125F0
:104F60000575B2EE046AB0EEC77AC7EE066AF1EED6
:104F7000045AC7EEA54A66EE856AB6EE006AE4EE0C
:104F8000866AB7EE006AF4EEC66AF1EE10FAD8BF90
:104F9000B0EE666AF0EE006AF4EEE67AF1EE10FA30
:104FA00084ED026A06DAB4EEE57AF1EE10FAACBFEF
:104FB00001210021012B15D0022B52D0002B85D1CD
:104FC000002983D0012323706380C4ED017A7DE73B
:104FD00020EE060ADFED3B6A0375A4EEA60A80ED1B
:104FE000000ABEE7638879B394ED017A0133F4EEE9
:104FF000C77A9BB2F1EE10FAC8BFC4ED017A042B58
:1050000063807FF663AF00232375A3692E49E260B6
:1050100001330225A3612D4825700AF05BFB0A22AB
:10502000A1692A480AF0E1FB294928480AF052FB05
:10503000294694ED010A25480AF0B4FC2549234885
:10504000BDE838400AF05EBB23B90023237000237B
:1050500063603BE7013B9BB26380002B7FF436AF7C
:10506000F3E794ED017AF4EEC77AF1EE10FAC8BFD7
:10507000C4ED017A11B10023237527E7237D23B9FD
:105080000123154923752261D9E72369D21A41F218
:1050900087339A427FF61AAF002321702175618011
:1050A00063600E49CBE700BFCDCC4C3D00007A4495
:1050B0000AD7A33B9A99993E3333333F0AD7A33C8F
:1050C00048E17A3F52B87E3F9E5B01086052002063
:1050D000BA5B010826400108C85B0108125C0108A0
:1050E00002289ABF024B53F820000248704700BFC5
:1050F00088640108783A010808B50121C8200AF03F
:10510000ABFE0021C8200AF005FF044B00221A70F4
:105110000AF074FF024B186008BD00BF684C002005
:10512000644C002010B503240121C8200AF0F2FECF
:1051300064200AF065FF0021C8200AF0EBFE64201D
:105140000AF05EFF013CEFD110BD000008B5054B31
:105150001A78824204D018700AF050FF024B18608F
:1051600008BD00BF684C0020644C0020014B18783B
:10517000704700BF684C002008B50AF03FFF244A82
:10518000244B12781B68013AC31A052A3ED8DFE87F
:1051900002F003103B1B23304FF47A72B3FBF2F1A1
:1051A00002FB1131B1F5FA7F2CBF00210121C8208B
:1051B0001BE04FF47A72B3FBF2F102FB1131F929D3
:1051C0008CBF00210121F2E74FF47A72B3FBF2F1B8
:1051D00002FB1131C729F3E7C820B3FBF0F100FB54
:1051E000113163298CBF00210121BDE808400AF07C
:1051F00091BE4FF47A72B3FBF2F102FB1133632BD1
:1052000002D9C83B632BDBE70121D0E70021CEE7C1
:10521000684C0020644C0020014B1878704700BF98
:10522000CC4C0020024B187808B1024B187870471C
:10523000CC4C0020C800002000487047B44C00202F
:10524000004870479C4C002038B5634B1B780446DF
:1052500013B90025284638BD604804F087F9054693
:105260000028F6D021685D480A220AF0BEFA2C21F7
:105270005A480AF03CFA616858480A220AF0B5FA1E
:105280002C2156480AF033FAB4F9081053480A2280
:105290000AF09FFA2C2151480AF029FAB4F90A10B1
:1052A0004E480A220AF095FA2C214C480AF01FFABF
:1052B0000A22B4F90C1049480AF08BFA2C2147480D
:1052C0000AF015FA94ED040A444802210AF06AFB38
:1052D0002C2142480AF00BFA94ED050A3F480221BE
:1052E0000AF060FB2C213D480AF001FA94ED060A11
:1052F0003A4802210AF056FB2C2138480AF0F7F907
:1053000094ED070A354802210AF04CFB2C21334862
:105310000AF0EDF994ED080A304802210AF042FB48
:105320002C212E480AF0E3F994ED090A2B480221BA
:105330000AF038FB2C2129480AF0D9F994ED0A0A21
:10534000264802210AF02EFB2C2124480AF0CFF92E
:1053500094ED0B0A214802210AF024FB2C211F485E
:105360000AF0C5F994ED0C0A1C4802210AF01AFB58
:105370002C211A480AF0BBF994ED0D0A17480221B6
:105380000AF010FB2C2115480AF0B1F994ED0E0A31
:10539000124801210AF006FB2C2110480AF0A7F957
:1053A00094ED0F0A0D4801210AF0FCFA2C210B485C
:1053B0000AF09DF994ED100A084802210AF0F2FA69
:1053C0002C2106480AF093F994ED110A03480221B2
:1053D0000AF0F7FA3EE700BFCC4C0020784C0020E2
:1053E000014804F0C3B800BF784C002030B5134B1F
:1053F0001B788BB0044613B900200BB030BD1049A8
:10540000104804F051FA0028F6D001A80C4A0D49C2
:10541000012304F0D9F901A804F0A8F80028EBD082
:105420003422214601A804F071F8054601A804F0D1
:1054300091F8342DE0D194F83000DEE7CC4C002018
:10544000785C0108784E002030B5184B1B788BB083
:1054500005460C4613B900200BB030BD1449154861
:1054600004F022FA0028F6D001A8114A11490123BC
:1054700004F0AAF901A804F079F80028EBD0294635
:10548000102201A804F042F821460546082201A88E
:1054900004F03CF8044601A804F05CF8082C08BFAE
:1054A000102D0CBF01200020D6E700BFCC4C0020FF
:1054B000855C0108784E0020014804F01BB800BF4D
:1054C000784C002030B51E4D2C688BB040F2E6338E
:1054D0009C420BD818211B4A1B4823460BF08AFD1F
:1054E00019491A4804F0E0F928BB2C60164A1749FC
:1054F000172301A804F068F901A804F037F804465E
:10550000D8B1134901A80AF011F901A803F09AFFD4
:1055100001A804F01FF80F4A0F49002313600F4A37
:1055200013700F480AF0D6F807490D480AF0FEF844
:1055300020460BB030BD0134C8E70A49F1E700BF8F
:10554000C4000020925C0108B44C0020784E00207A
:1055500061650108744C0020A15C0108704C0020BA
:105560002C040020C75C010838B50AF047FD2E4B1B
:105570002E4D18600121C4200AF06EFC0121C420C8
:105580000AF0C8FC2A4A2B4BD1692B4853F821104A
:1055900041669169526953F82110016653F822302F
:1055A0008366002101F09AFC14200AF029FD2348AB
:1055B000C42104F07BF8D8B932200AF021FD1F483D
:1055C000C42104F073F8044690B91D4928701D48A1
:1055D0000AF098F81C491B480AF094F81B4919482E
:1055E0000AF090F81A4917480AF08CF8204638BD9E
:1055F000184A012313702B70174B00221A70FFF703
:1056000061FF18B915490F480AF07CF814490D4894
:105610000AF078F813490B480AF05CF81249094877
:105620000AF084F80124E1E76C4C0020CC4C002007
:105630000C77010834770108004E0020784E0020D6
:10564000F25C01082C040020245D0108555D01086E
:10565000885D0108C8000020704C0020C95D010869
:10566000FD5D0108325E0108B44C002008B50B4B0B
:105670001B7843B10A4B0B4901221A70BDE8084060
:1056800009480AF03FB8FFF76FFF20B1044B074904
:1056900001221A70F2E70649F0E700BFCC4C002067
:1056A000C80000204C5E01082C040020625E010846
:1056B0008B5E010808B5094B094800221A7003F0F7
:1056C00055FF28B1064803F0BDFE054803F042FF30
:1056D000BDE80840034904480AF014B8C800002097
:1056E000784C0020B45E01082C0400202DE9F04322
:1056F000DFF8449299F8003093B004463BB1824BF6
:105700001F7897B90027384613B0BDE8F0830AF038
:1057100075FC7E4B1B68C01A40F6B7339842F1D92E
:10572000FFF722FF0028EAD1ECE7794B1B78002B2A
:105730004DD0784E32684CF24F339A4205D9764AB2
:10574000136801331360FFF7BDFE714A7349DFF838
:10575000EC811723684604F037F8684603F006FF2B
:10576000002839D198F800306D496E48013388F827
:10577000003009F0AFFF66496A4809F0D7FF98F892
:105780000030012B14D9FFF79DFE614A63491723AE
:1057900009A804F019F80A9B01930B9B02930C9B38
:1057A00003930DAB0FCB04AD07C52B70119B089372
:1057B000684603F0DBFE78B998F80030042BA1D9D5
:1057C00089F800005849574809F09CFF9AE7FFF70D
:1057D00079FE0028ADD195E7002301250A22216832
:1057E00088F80030684689F8005009F0FEFF2C2147
:1057F000684609F07CFF0A226168684609F0F5FFF7
:105800002C21684609F073FF94ED020A02216846D4
:105810000AF0C8F82C21684609F069FF94ED030AE4
:10582000294668460AF0BEF82C21684609F05FFF59
:1058300094ED040A294668460AF0B4F82C2168461B
:1058400009F055FF94ED050A294668460AF0AAF8C2
:105850002C21684609F04BFF94ED060A02216846A8
:105860000AF0A0F82C21684609F041FF94ED070AE0
:10587000022168460AF096F82C21684609F037FFA5
:1058800094ED080A022168460AF08CF82C2168463B
:1058900009F02DFF94ED090A294668460AF082F8BE
:1058A0002C21684609F023FF94ED0A0A2946684630
:1058B0000AF078F82C21684609F019FF94ED0B0ADC
:1058C000022168460AF07DF8684603F0BBFD684691
:1058D00003F040FE3368154A2B4433605343934230
:1058E000FFF411AF12490F4809F0F4FE31680D487A
:1058F0000A2209F07AFF0F490A4809F0EBFE044931
:10590000084809F013FFFEE6C80000206C4C002098
:10591000B44C0020744C0020C4000020784E0020BD
:10592000C95E01082C040020E65E0108CDCCCCCC79
:10593000205F0108345F0108CC4C0020704C00202F
:1059400030B5334B1B788BB0002B44D0314803F07B
:105950000DFE28B12F4803F075FD2E4803F0FAFD27
:105960002D4D2C6840F2E6339C420CD818212B4A6E
:105970002B4823460BF03EFB29492A4803F094FFAD
:10598000002830D12C60234D254A2649172301A831
:1059900003F01AFF029B6B60039BAB60049BEB6000
:1059A00005AB0FCB05F1100407C4204600F81C39E5
:1059B000099B2B6203F0DAFD0546B0B91A4A1B4970
:1059C00013781B480133137009F084FE14491848FA
:1059D00009F0ACFE03E0FFF7C7FD0028B6D10025B3
:1059E00028460BB030BD0134BCE71249A4F11C00BD
:1059F00009F09CFEA4F11C0003F024FD0E490C48A4
:105A000009F068FE06490A4809F090FEE8E700BF81
:105A1000CC4C0020784C0020C0000020395F0108E9
:105A20009C4C0020784E0020704C0020485F0108FC
:105A30002C040020946401086F5F010808B50A482F
:105A400003F094FD78B1084803F0FCFC064803F02D
:105A500081FD0649064809F03DFEBDE808400549BC
:105A6000034809F063BE08BD784C0020925F01082E
:105A70002C0400209C4C002030B5124B1B788BB0BE
:105A800005461BB9002420460BB030BD0E4A0F4915
:105A9000172301A803F098FE01A803F067FD044650
:105AA0000028EFD02946342201A803F0B9FC01A850
:105AB00003F0C8FC01A803F04DFD0549054809F0B5
:105AC00021FEE0E7CC4C0020785C0108784E0020F5
:105AD000AB5F01082C04002070B5154B1B788AB011
:105AE00006460D461BB9002420460AB070BD114A77
:105AF0001149172301A803F067FE01A803F036FD42
:105B000004460028EFD03146102201A803F088FC9B
:105B10002946082201A803F083FC01A803F092FCA7
:105B200001A803F017FD0549054809F0EBFDDBE787
:105B3000CC4C0020855C0108784E0020D65F01081F
:105B40002C04002008B50521C3200AF085F9054979
:105B5000054809F0D7FDBDE808400449024809F0AE
:105B6000D1BD00BFFE5F0108605200203160010816
:105B700070B505462DED028B1026B0EE408A00244C
:105B8000C3200AF053F9044464200AF047FA013EA6
:105B9000F6D1C4F30F14B4F5805F4CD207EE904AEF
:105BA0009FED267ADFED266A85ED048AFBEECA7A40
:105BB000B6EE006A67EE877AB3EE097A38EE478A66
:105BC000B7EE007AA8EE267A1E4B2C80C5ED017A3E
:105BD000B4EEC67AF1EE10FA48BFB0EE467AC7EEE0
:105BE000876A1A792A750120DFED177AC5ED026AF6
:105BF00026EEA67A66EE875A67EEC77A9FED137A8D
:105C0000E5EE877A9FED127AE6EE877A9FED117ABC
:105C100067EE867AF5EEC07AF1EE10FA48BFF0EE44
:105C2000477A93ED007A67EE877AC5ED037ABDEC8B
:105C3000028B687570BD3046F9E700BF33335340BF
:105C40000AD7A33CCC00002029DC7F43856B0543A9
:105C5000F65856440000000038B5B5EEC00AF1EE23
:105C600010FA2DED028BB0EE408AF0EE608A07D874
:105C700039493A4809F046FD0020BDEC028B38BD99
:105C80003749364809F026FD0121B0EE480A33486D
:105C900009F088FE3349314809F034FD40250024DD
:105CA000C3200AF0C3F804440A200AF0A9F9013D10
:105CB000F6D107EE104ADFED2C7ADFED2C6ABBEE51
:105CC000CD7AB6EE006A27EE277ADFED297A27EE45
:105CD000277AF3EE097A78EEE78AF7EE007AE8EEB3
:105CE000A67AF4EEC67AF1EE10FA48BFF0EE467AE4
:105CF000C7EE276ADFED1F7A66EEA65A66EEA56A42
:105D000067EEE57ADFED1C5AE6EEA57ADFED1B6A59
:105D1000E7EE267AB1EE047A67EE867AF4EEC77A79
:105D2000F1EE10FA01D81649A3E788EE277A154D4F
:105D300015490A4801242C7185ED007A09F0CAFC46
:105D400095ED000A0548042109F03BFE0F49034880
:105D500009F0D8FC204690E77060010860520020EE
:105D60009F600108CD600108000080390AD7A33C7C
:105D70003333534029DC7F43856B0543F658564443
:105D8000D5600108CC000020186101083C610108C1
:105D9000044B054905484FF07E521A6000221A71E3
:105DA00009F0B0BCCC0000205A610108605200200C
:105DB00008B5C3200AF03AF840F6F97380B2984269
:105DC0008CBF0020012008BD00487047CC00002097
:105DD000034A0346006810601B791371704700BFC7
:105DE000CC00002008B50521C0200AF035F805498F
:105DF000054809F087FCBDE808400449024809F05D
:105E000081BC00BF9061010860520020B9610108A7
:105E100070B5054610260024C0200AF007F8044497
:105E200064200AF0FBF8013EF6D1C4F30F14B4F578
:105E3000805F18D207EE904A9FED267A264B2C8081
:105E4000FBEECA7A1B782B7367EE877A9FED237A75
:105E5000C5ED017AF4EEC77AF1EE10FA9FED207AE3
:105E600004D585ED027A0020687370BDF0EE046AF7
:105E7000F4EEE67AF1EE10FA29D5DFED1A6A27EE94
:105E8000A76A67EEA67ADFED186AE6EE267ADFEDFE
:105E9000176A77EEE67AF5EEC07AF1EE10FA16D4CC
:105EA0009FED137AF4EEC77AF1EE10FA0ADC9FED5B
:105EB000117AF4EEC77AF1EE10FA05DCC5ED027A3C
:105EC0000120D1E7F0EE477AC5ED027ACBE7F0EE9C
:105ED000477AF3E733335340CD4C00209A99993EEB
:105EE000000000006672B345CD0C8CC433078845B2
:105EF00000803B4500007A4408B5C02009F096FFB9
:105F000040F6F97380B298428CBF0020012008BD92
:105F100073B51D481D4D1E4E08F0D3FE1A4808F0FB
:105F2000EFFD1C4B041E14BF012200221A7024D066
:105F300015480C2108F05EFF1348002108F098FF77
:105F40001149684608F0C3FF134B01241C700AF086
:105F500055F8124B12491860002312482B712E601D
:105F600009F0B8FB084808F0CBFD0A2201460D48AD
:105F700009F04AFC204602B070BD0B4909482C715B
:105F80002E6009F0BFFBF5E7DC4C0020D4000020B8
:105F90000000C841D94C0020D84C0020D44C00202F
:105FA000EA61010860520020116201082D4B1B7844
:105FB00073B583B92C4C0AF021F82368C01A41F25A
:105FC0008733984247D90AF019F8206002B0BDE83B
:105FD0007040FFF79DBF254E254D0AF00FF833782E
:105FE00004468BB32B6840F2ED22C31A934232D998
:105FF0002048002109F00EF8DFED1F7AB4EE670AA1
:10600000F1EE10FA29D0DFED1D7AB4EEE70AF1EED9
:1060100010FA19DDDFED1A7AB4EEE70AF1EE10FAA4
:1060200012D5DFED187A9FED187A70EE677AF0EEF0
:10603000E77AF4EEC77AF1EE10FA05DD134B012290
:1060400083ED000A1A719C600A49684608F03FFF18
:10605000012333702C6002B070BD0C4B00221A710A
:10606000F2E700BFD94C0020D04C0020D84C0020D3
:10607000D44C0020DC4C00200000FEC200005CC2BA
:106080000000FA420000AA426F12833AD4000020B6
:10609000044B10B5044693E8070084E8070018791C
:1060A00010BD00BFD4000020084B187810B560B1B7
:1060B000074C207948B109F0A1FFA368C01A41F24A
:1060C000873398428CBF0020012010BDD94C00209E
:1060D000D400002008B50548192108F0F5FBBDE8FB
:1060E00008400249024808F0B1BC00BFFC4C002047
:1060F000DC4C0020036810B49C6B0123A4465DF8BF
:10610000044B60470123994080F8243000238176B6
:1061100043847047036801211B6B1847028BC08AB8
:10612000101A7047C28A018B914288BF01690346E9
:1061300083BF885C0132DA824FF0FF307047028BF8
:10614000C38A9A4286BF0269D05C4FF0FF30704725
:1061500038B50446283000F009FCE06918B109F0B0
:106160007FFF0023E36120690025258410B109F039
:1061700077FF2561A58238BD38B5044600F12805B2
:10618000284600F043FC94F8BE304BB92846054938
:1061900000F03CFD28460449BDE8384000F02FBD22
:1061A00038BD00BFAD610008AF640008806DD0F855
:1061B000DC302BB100234384D0F8E030D4301847D2
:1061C0007047012A02D1016000207047022A05D0E1
:1061D000032AF9D0002AF7D10260F5E70B680360C3
:1061E000F2E703681847012A02D1016000207047D6
:1061F000022A05D0032AF9D0002AF7D10260F5E778
:106200000B680360F2E7036808681847836810B5F5
:10621000044613B1032201469847204610BD0000F2
:1062200030B587B0024602AB002002900590C3E96A
:10623000010021B10291114905911149049193E89E
:10624000030002F1D404CDE9000194E8030083E8DF
:106250000300DDE9000184E803000499D2F8DC00C2
:106260000490C2F8DC10D2F8E0000599C2F8E01002
:1062700005901846FFF7CAFF07B030BDE36100087C
:10628000C361000830B587B0024602AB002002901F
:106290000590C3E9010021B102911149059111490D
:1062A000049193E8030002F1C404CDE9000194E8ED
:1062B000030083E80300DDE9000184E8030004999A
:1062C000D2F8CC000490C2F8CC10D2F8D0000599D6
:1062D000C2F8D01005901846FFF798FF07B030BD00
:1062E00007620008E761000870B54FF47A730E4644
:1062F0000021C0E90113034615462B4A43F8C42B7D
:106300000446C0F8C4109C22C3E90111C0E934114D
:10631000C0E93611C0F8E01028300AF00EFFF3B2E1
:10632000232B19D8214A52F8233006F4E0661E4385
:10633000EBB2232BC4F8846022D81C4A52F82330D5
:1063400005F4E0651D430023C4F88850E36123840D
:106350002361A382204670BD06F0C002C02A0CD182
:10636000C92B0AD8124B06F03F0206F4E06653F838
:1063700022200E4B53F82230D9E74FF0FF36D7E7F3
:1063800005F0C002C02A0CD1C92B0AD8084B05F071
:106390003F0205F4E06553F82220044B53F8223005
:1063A000D0E74FF0FF35CEE7DC6501083477010810
:1063B0000C77010838B50546074B45F8D43B044631
:1063C000FFF7C6FE2846FFF721FF04F1C400FFF7E0
:1063D0001DFF204638BD00BFDC6501080368C9B257
:1063E000DB6A184738B5838A8B4205460C4609D2CA
:1063F000202938BF20240069214609F0E7FE10B1AA
:106400002861AC8238BDFEE72DE9F843984690F844
:10641000BE309DF820509DF8249004460F46164645
:10642000002B39D01146FFF7DDFF85B123683946CF
:10643000DB6A20469847032D28BF0325013DEDB2B6
:10644000FF2D23681DD11B6B002120469847B9F111
:10645000000F1ED14FF42A03B5B27900A36522695B
:106460002B4601F0FE0104F1280000F011FB00238F
:1064700098421CBF1E463546E38225833046BDE860
:10648000F883E90028FA01F11B68C9B22046984751
:10649000D4E74FF02A43DFE71846F0E707B501934A
:1064A00000230093FFF7B0FF03B05DF804FB73B562
:1064B000846D866ED4F8CC300546E3B1E28A238B36
:1064C0009A4218D331462046FFF78CFF20693246A6
:1064D00005F174010AF0EFFE0023E382D4F8CC301A
:1064E000268301960BB90DF05BF9D4F8D03001A9E1
:1064F00004F1C400984702B070BDB1F5806F70B56B
:1065000005460C4610D8038C99420AD920290E461C
:1065100038BF2026C069314609F058FE18B1E8613D
:106520002E84204670BDFEE70024FAE713B590F8EC
:1065300024308DF8071004467BB1418C0131FFF700
:10654000DCFF40B1638CE2699DF80710D154638C85
:1065500001336384012002B010BD01220DF1070157
:10656000283000F07BFAB0FA80F04009F3E770B50C
:1065700090F8243004460E46154693B1418C1144E0
:10658000FFF7BBFF10B90025284670BD638CE0699A
:106590002A46184431460AF08EFE638C2B446384ED
:1065A000F2E792B2283000F059FA0028EBD1EBE77D
:1065B0000346006918B19A8A00210AF0BEBD7047EF
:1065C0000346C06918B11A8C00210AF0B6BD7047A5
:1065D00038B50446C9B94FF42A03A36594F8BE3010
:1065E000B3B1638CE269A17E04F1280000F0B6FA31
:1065F000042828BF0420C5B22046FFF7E1FF00238E
:10660000638484F82430284638BD4FF02A43E4E7F9
:106610000425F8E738B504460025C5820583FFF751
:10662000C7FF65842046FFF7CBFF38BDF8B50446A9
:10663000D0F8840009F032FB002109F00DFCD4F8F9
:106640008430C3F30312052A3ED8234F234E57F854
:10665000222003F00F03126956F82330934339D0F8
:10666000D4F8880009F01AFB012109F0F5FB142584
:10667000D4F88830C3F30312052A28D803F00F0397
:1066800057F8222056F823301B0493610A2009F0A2
:10669000C5FCD4F88830C3F30312052A17D803F0D9
:1066A0000F0357F8222056F8233093610A2009F08F
:1066B000B5FC013DDCD1D4F8880009F0EFFA294699
:1066C000BDE8F84009F0C8BB00231B69FFDE0023CA
:1066D0009B61FBE7F8BD00BFF8000020587101087E
:1066E0002DE9F04104460025C58205831F460E466C
:1066F0009046FFF75DFF6584A5762046FFF760FFB3
:10670000D4F8DC30C4F8804033B104F1D401032262
:1067100008469847C4E937550023012E84F82430F1
:106720004FEA460384F825300CBF0123002384F888
:10673000BE3084F8BF8084F8C07002D12046FFF7D5
:1067400075FF04F1280594F825200949284600F032
:106750002FF894F8BE304BB92846064900F056FA97
:1067600028460549BDE8F04100F049BABDE8F0818E
:10677000A0860100AD610008AF6400080A4600234E
:106780000121FFF7ADBF0021FFF7F8BF00231A4634
:10679000FFF7A6BF02481A221321FFF7A5BD00BFCD
:1067A000104D00200148FFF705BE00BF104D00202E
:1067B000F0B50D4685B016460446002800F0BF80AF
:1067C0006049C06D07F0C6FA5F490746206E07F0C2
:1067D000C1FA0146002F00F0B280002800F0AF801F
:1067E000384607F0DEFA2060002800F0A880574BFA
:1067F000984204F104075ED11F2384F8643000231B
:106800000193534B1A6C42F400121A641A6C02F48E
:1068100000120192019A1A6A42F400121A621A6A6C
:1068200022F400121A62202384F86530494B1F605D
:106830004549206E07F076FA4249E06D07F072FA9A
:10684000454B21689D4274D9444B9D4203D9444B2A
:106850009D4288BF00234FF480420025C4E9011304
:106860004FF48043C4E9053594F8973094F96400F7
:10687000E5619B01236294F8983084F84150DB0174
:1068800063620221C4E903262A4604F025FB94F939
:10689000640004F053FB94F965002A46022104F0D9
:1068A0001BFB94F9650004F049FB384604F04EFCEC
:1068B000002840D0FEE72B4B98424FF000031BD13D
:1068C00002932122224B84F864201A6C42F4800245
:1068D0001A641A6C02F480020292029A1A6A42F452
:1068E00080021A621A6A22F480021A62222384F851
:1068F0006530184B5F609BE71B4A904298D1039329
:10690000134B1A6C42F400021A641A6C02F400026F
:106910000392039A1A6A42F400021A621A6A22F473
:1069200000021A6244F64813A4F86430094B9F60D1
:106930007EE7002291E70223A06684F8953005B037
:10694000F0BD00BF34760108F8750108005400401E
:1069500000380240F44D0020A0860100801A060095
:1069600040420F0000580040005C004010B5044653
:1069700090F9640004F0F0FA94F9650004F0ECFA80
:10698000201D04F08CFC206E032107F031F9E06D2E
:10699000032107F02DF92368184A93420DD1184BB3
:1069A0001A6A42F400121A621A6A22F400121A6277
:1069B0001A6C22F400121A6410BD124A93420CD1D0
:1069C0000F4B1A6A42F480021A621A6A22F4800299
:1069D0001A621A6C22F48002EDE70B4A9342EBD163
:1069E000074B1A6A42F400021A621A6A22F4000281
:1069F0001A621A6C22F40002DDE700BF0054004066
:106A00000038024000580040005C0040104B9942A2
:106A100010B5044606D90F4B994203D90E4B994243
:106A200088BF00232068026822F001020260A36090
:106A3000074B994294BF002101218903E160201D89
:106A400004F084FB2268136843F00103136010BD57
:106A5000A0860100801A060040420F00202A30B5AF
:106A600014D800239CB2A24207D890F89430134463
:106A7000DBB280F89430002030BD90F89440CD5CBB
:106A80001C440444013384F87450EBE70120F3E71D
:106A90002DE9F34705460F469046994603F0CCFF93
:106AA0000024D5F830A006460435CDF800A04B46AA
:106AB00042463946284604F01FFD022806D103F05D
:106AC000BBFF841B642CF0D906201FE008BB03F039
:106AD000B3FF0646284605F079FC202809D0632C30
:106AE00007D803F0A9FF841B284605F072FC002894
:106AF000F0D0284605F06DFC632C0CD882060AD431
:106B000043070AD4003818BF0120800002B0BDE856
:106B1000F0870420FAE70520F8E70320F6E710B530
:106B200064230446043004F0D3FB022810D0032869
:106B300006D090B194F84130202B18BF042004E017
:106B400094F84130202B18BF052008BF022004E034
:106B500094F84130202B18BF062010BD2DE9F347D3
:106B600004460E4691461F4603F066FF80463FB935
:106B700001223146204602B0BDE8F047FFF7CFBF03
:106B8000D4F830A000250434CDF800A03B464A4696
:106B90003146204604F048FC022807D103F04CFFA0
:106BA000A0EB0805642DEFD906201FE008BB03F019
:106BB00043FF0646204605F009FC202809D0632D36
:106BC00007D803F039FF851B204605F002FC00289A
:106BD000F0D0204605F0FDFB632D0CD882060AD4C8
:106BE00043070AD4003818BF0120800002B0BDE876
:106BF000F0870420FAE70520F8E70320F6E720B144
:106C000019B1C166043004F073BD704720B119B1E9
:106C10000167043004F06CBD704770B590F8913096
:106C2000012B04460D46A0F1040609D1436E3BB189
:106C3000836E30469847022384F8913000236366C0
:106C40008DB9E36E84F891501BB184F890503046B2
:106C5000984794F8902004F1700120462023BDE865
:106C6000704004F0CFBC00230122636684F89120B9
:106C7000616E7431314420460423BDE8704004F055
:106C8000FCBC10B590F89130012B044604D1436E42
:106C900013B1836E04389847022384F8913000239F
:106CA00063662046BDE8104004F022BD436E1F2BF2
:106CB000DEBF436E0133436690F89130012BDAB2A8
:106CC00005D1416E70310423014404F0D6BC7047F5
:106CD000002380F89030704790F892300BB104F0A8
:106CE00007BD7047014B186804F082BEF44D0020C8
:106CF000014B186805F0CEBAF44D0020014B5868DE
:106D000004F076BEF44D0020014B586805F0C2BA7D
:106D1000F44D0020014B986804F06ABEF44D002049
:106D2000014B986805F0B6BAF44D002070477047E3
:106D30007047043000F0BEBA93B204300A4600F047
:106D40001DBB10B57821044606F061FC204610BD3D
:106D500007B50B68026F9A4205D1436F4A685340EA
:106D600033F07F4312D00B6803678B88A0F8743030
:106D70008B7980F876304B798A790092003B0A79DA
:106D8000096818BF0123043000F02EF903B05DF844
:106D900004FB07B5CDE900126946FFF7D9FF03B040
:106DA0005DF804FB2DE9F0411C46484B0360484B5D
:106DB00003670D464FF480730021A0F87430164627
:106DC00080F8761007465C220430DDF818800AF05F
:106DD000B4F9F3B2232B28D83E4A52F8233006F4F4
:106DE000E0661E43EBB2232B3E6632D8394A52F896
:106DF000233005F4E0651D43E3B2232B7D663CD8C8
:106E0000344A52F8233004F4E0641C435FFA88F2F9
:106E1000232ABC6645D82F4951F8222008F4E063A4
:106E20001343FB663846BDE8F08106F0C002C02A75
:106E30000CD1C92B0AD8284B06F03F0206F4E066B5
:106E400053F82220234B53F82230CAE74FF0FF3685
:106E5000C8E705F0C002C02A0CD1C92B0AD81E4BC6
:106E600005F03F0205F4E06553F82220194B53F872
:106E70002230C0E74FF0FF35BEE704F0C002C02A61
:106E80000CD1C92B0AD8144B04F03F0204F4E0647F
:106E900053F822200F4B53F82230B6E74FF0FF345F
:106EA000B4E708F0C003C02B0CD1C92A0AD80A4B9A
:106EB00008F03F0253F82210064A08F4E06352F843
:106EC0002120ADE74FF0FF33ABE700BF2C66010890
:106ED00000093D00347701080C77010807B5084B1D
:106EE000009300224FF480738DF8061080F855202F
:106EF0006946ADF80430FFF72BFF03B05DF804FBE3
:106F000000093D000021FFF7E9BF07B5002A8DF811
:106F100007100DF107014FF001030CBF0A460022D4
:106F2000043000F02BFA9DF8070003B05DF804FB75
:106F30000022FFF7EABF13B590F87530ADF80610E0
:106F4000044613B149BAADF80610002A0DF1060146
:106F50004FF002030CBF0A460022201D00F00EFA7B
:106F600094F8753023B1BDF806305BBAADF8063041
:106F7000BDF8060002B010BD0022FFF7DCBF000024
:106F800007B5242300930B224FF48E73C1210348CD
:106F9000FFF708FF03B05DF804FB00BF004E0020C0
:106FA0000B4A0346106893B10A4A934201D105F097
:106FB00099BC094A934201D105F084BC074A934227
:106FC000FAD0074A9342F2D0064A9342EFD0704774
:106FD0001C0100200030014000380040003C00400F
:106FE00000340140005001402DE9F04F0E4687B0BB
:106FF00015461F460446002800F0EB80A149006EAC
:1070000006F0A8FEA0498146E06D06F0A3FE9F4968
:107010008346606E06F09EFE9D498046A06E06F097
:1070200099FE8246B9F1000F00F0D380BBF1000F4A
:1070300000F0CF80B8F1000F00F0CB8059464846F1
:1070400006F0AFFE51468146404606F0AAFE0146D4
:107050008046484606F0A5FEA065B9F1000F00F095
:10706000B880B8F1000F00F0B480002800F0B180C3
:107070008449206E06F056FE8349E06D06F052FE0C
:107080008249606E06F04EFE636E012DC3F303115C
:107090008CBF01220222052900F2F0807D4803F016
:1070A0000F0350F821007C49D0F80CC051F8233070
:1070B00093FAA3F1B1FA81F14FF0030E490093FA6C
:1070C000A3F3B3FA83F30EFA01F15B002CEA01019A
:1070D00002FA03F30B43C3606D49A06E06F022FE73
:1070E0006E4BA06D98424FF0000313D101936C4B8F
:1070F0005A6C42F480525A645A6C02F480520192E3
:10710000019A5A6A42F480525A625A6A22F48052B0
:107110005A6215E0634A90425ED10293604B1A6C4A
:1071200042F480421A641A6C02F480420292029A7B
:107130001A6A42F480421A621A6A22F480421A627F
:10714000A36E20605A1C0CBF4FF400734FF48023D1
:10715000A3619DF84030002B14BF00234FF48273CD
:107160006360FFF71DFFB6EB500F77D2B6EB900FC1
:1071700076D2B6EBD00F75D2B6EB101F74D2B6EB49
:10718000501F73D2B6EB901F72D2B6EBD01F2CBF3C
:1071900030233823E361002D6CD0022D6CD0013DEB
:1071A00018BF01256D000122C4E9045287F00107D0
:1071B000072200239740C4E90873A360A362E26238
:1071C000E360204605F09FFBA26D136843F0400387
:1071D000136007B0BDE8F08F334A904212D1039399
:1071E0002F4B1A6C42F400421A641A6C02F40042EB
:1071F0000392039A1A6A42F400421A621A6A22F44B
:1072000000429CE7294A904212D10493244B5A6CC5
:1072100042F400525A645A6C02F400520492049AE6
:107220005A6A42F400525A625A6A22F400526FE7D4
:107230001F4A904284D10593194B5A6C42F4801234
:107240005A645A6C02F480120592059A5A6A42F402
:1072500080125A625A6A22F4801259E7002399E791
:10726000082397E7102395E7182393E7202391E756
:1072700028238FE72A4697E7002295E70023DB685B
:10728000FFDE00BF04730108B072010844720108F8
:10729000D8710108F8000020587101080030014041
:1072A0000038024000380040003C004000340140FB
:1072B0000050014010B5044618B305F081FBA36DE2
:1072C000284A93420DD1284B5A6A42F480525A629E
:1072D0005A6A22F480525A625A6C22F480525A64DA
:1072E0000FE0224A93420DD11F4B1A6A42F48042AA
:1072F0001A621A6A22F480421A621A6C22F48042DC
:107300001A6410BD1A4A93420CD1174B1A6A42F400
:1073100000421A621A6A22F400421A621A6C22F4BB
:107320000042EDE7134A93420CD10F4B5A6A42F4E4
:1073300000525A625A6A22F400525A625A6C22F47B
:107340000052CCE70C4A9342DBD1074B5A6A42F415
:1073500080125A625A6A22F480125A625A6C22F4DB
:107360008012BCE700300140003802400038004085
:10737000003C004000340140005001402DE9F04144
:107380000D4616461C4633B3876D03F055FB804609
:10739000BB689907FCD5D5B115F8013B3B73BB68B9
:1073A000DA07FCD53B7B0EB106F8013B03F044FB4A
:1073B000A0EB0800B0F57A7F04F1FF3409D2002C6D
:1073C000E6D12046BB681B06FCD4BDE8F081FF2354
:1073D000E4E70120F6E70220F7E770472DE9F04FD8
:1073E00085B01D46BDF93840BDF83C300093A4EB94
:1073F0000208A5EB0109B8F1000FB8BFC8F10008F9
:10740000B9F1000FB8BFC9F10009C84517461646C3
:107410008246A4462A460B4605DC22463B462C46BD
:107420000F4665463146A74208DC1E4613463246E3
:107430002E460D46314626463C4637469B1A3E1B95
:1074400083EAE372A2EBE372C6F3C033B0B203FA8D
:1074500086F68D42B4BF01234FF0FF3301900292B4
:1074600076100393BC4202DD05B0BDE8F08FDAF878
:107470000030C845D3F818B0009BC7BF2246294644
:107480002A4621465046D847029BF61AB3B236B276
:10749000002E05DA039A1544019A13442DB21EB248
:1074A000013424B2DEE7704710B404682469A446AE
:1074B0005DF8044B604730B40468BDF8085002958D
:1074C000A46BA44630BC604730B40468BDF80850D3
:1074D0000295E46BA44630BC604770B4BDF90C5013
:1074E000BDF810600468CDE90356246CA44670BC56
:1074F00060472DE9F3411C460368BDF820805B69B5
:1075000005461646013C34440F4624B298472B6882
:10751000CDF8048000949C6A28463B4632463946A2
:10752000A0472B68DB6A284602B0BDE8F041184747
:107530002DE9F3411D460368BDF820805B690446D0
:1075400017460E4698472268CDE900786B1E3344F3
:10755000956A20461BB23A463146A8472368DB6A43
:10756000204602B0BDE8F04118472DE9F3471E461A
:107570000368BDF928805B69BDF82C900C46054670
:10758000174698472644B4422B6805DBDB6A284639
:1075900002B0BDE8F0471847CDF80090D3F820A01E
:1075A000214643463A4628460134D04724B2EAE70A
:1075B00013B502680191B0F90E100091146CB0F986
:1075C0000C3000221146A04702B010BD2DE9F34750
:1075D0001D460368BDF82C805B69BDF92890044600
:1075E0000F46164698472368CDF80080D3F824A0AC
:1075F00032462B4639462046D0472368CDF80080D6
:1076000009F1FF323244D3F824A039462B462046F4
:1076100012B2D0472368CDF80080D3F820A03246BC
:107620004B4639462046D047013D2368CDF80080BF
:10763000E91920461D6A32464B4609B2A84723681D
:10764000DB6A204602B0BDE8F047184770472DE9D5
:10765000F74399421546BDF92860BDF82C900268A1
:1076600007460C46984611D1B542D8BF3346CDF8EF
:107670002890DCBF2E461D466B1C956B9B1B1BB2D6
:107680003246AC4603B0BDE8F0436047B5420FD187
:107690009942D8BF1C46CDF82890D66BD8BF8846F3
:1076A0000134A4EB080423B22A464146B446E9E774
:1076B000536998473B68CDE9006938469E6A2A4677
:1076C00043462146B0473B68DB6A384603B0BDE815
:1076D000F043184701F003038376B0F90830B0F99E
:1076E0000A20C9075EBF194613460A468281C38134
:1076F0007047000030B54281C281074A074D0181C1
:10770000002481814FF0FF31C0E90512446005601B
:1077100004610477046230BD01010001686601085C
:107720002DE9F04F89B0CDE903120593BDF8503033
:1077300006930368BDF948905B69BDF94CA0044607
:10774000984719F1070348BF09F10E030026DB1023
:107750000293B0463546049B03EB08020FFA88F308
:107760009A4512B226DD00230193059B03EB060B1D
:1077700017E059070BBFDB106D001BF80350EDB28B
:107780002B060BD5039B01990792591823689B6917
:1077900009B21F462046069BB847079A019B013352
:1077A0000193BDF904304B45E3DB029B08F101086E
:1077B0001E44D0E72368DB6A204609B0BDE8F04FDD
:1077C000184700002DE9F04F93B01F460292026A5D
:1077D000BDF87030BDF874809DF878509DF87C40FD
:1077E000039383460E46002A40F0C080B0F90C3067
:1077F0008B4240F34181B0F90E30029A934240F33C
:107800003B81062315FB0313002B40F3358102EB6C
:10781000C403002B40F33081037F1BB9AF2F84BF1B
:107820000137FFB2DBF8003058465B699847052204
:10783000099200220492924ABDF808A007EB870340
:10784000D3180D93049A0D9B9B5C0693BDF81030E2
:107850000793B3B2059302FB05F313FA86F31BB249
:10786000089308230A932BB20B9323B24FF000091D
:107870000C93069ADBF80030D20751D5012D1FFA80
:1078800089F23ED1012C3CD19B69079905981F468E
:10789000039B5244014412B209B25846B847069BB2
:1078A0005B0806930A9B013B09F1010913F0FF03F2
:1078B0004FFA89F90A93DCD1049F01377BB2049314
:1078C000099B013B13F0FF030993BBD1039B434585
:1078D0000FD0012DDBF8003039D1012C37D10599BB
:1078E000CDF8008005311C6A029A082309B2584677
:1078F000A047DBF80030DB6A584613B0BDE8F04F14
:1079000018470399019114FB02F252440C9900911B
:10791000DB6908991F4612B20B9B5846B847BEE771
:10792000039A4245BBD0012D1FFA89F209D1012CDF
:1079300007D19B69079905981F4652440144434665
:10794000A9E714FB02F25244CDF80480DEE7059962
:10795000CDF8048005EB8502E40011440094DC6955
:10796000029A2B4609B25846A047C2E7137A5168DB
:1079700012680B92FF1AFFB201EBC70331F83720F0
:1079800004929A7893F905A00792DA7893F9063071
:10799000089345EA0403012B87BF089B0693002345
:1079A000CDE9053303680C925B6988BFCDF814A05C
:1079B0009847B3B2002710931AFA86F3B946B8462F
:1079C00011930C9B984594D2BDF808300993069BFF
:1079D000029A434413FB04F313FA82F32AB21BB254
:1079E0000E9222B20A9300263B460F9229E05A1CBF
:1079F000D2B25B070D9207D1049B04990B9A013315
:107A00009BB212F80190049319F0800F12D0012D4F
:107A1000DBF800301FD1012C1DD1DDE908120A442A
:107A20001199D3F818A0039B4244711812B209B2FD
:107A30005846D0474FEA490901360D9B5FFA89F94C
:107A4000F6B2079A9642D2D3174408F10108FFB262
:107A50005FFA88F8B5E7059A9119109A01FB05219C
:107A6000039A01920F9A0092D3F81CA00A9A0E9BD7
:107A700009B25846D047DDE713B0BDE8F08F00BF2C
:107A8000B8660108F0B5026A85B004460B46002AC4
:107A900034D10A2908D1438A0282427E03EBC20311
:107AA0006382012005B0F0BD0D29FAD0E17E007E91
:107AB000657E71B1B4F91060062110FB0161B4F963
:107AC0000C60B142C1BFB4F91210228201EBC502B1
:107AD0006282CDE90205E28A0192A28A0092B4F99B
:107AE0001220B4F910102046FFF76CFE237E228A84
:107AF00003EB430302EB43032382D2E70A2907D1B6
:107B000000230382417E127B438A01FB0233C7E7D5
:107B10000D29C6D0117A8B42C3D3907A9842C0D334
:107B20005568591AC9B205EBC105A97829B3E87897
:107B300018B3E07E267E677E90B195F90500084473
:107B4000B4F9101006FB0011B4F90C00814207DDF6
:107B500000202082B4F91210127B02FB071262820D
:107B6000CDE90267E28A0192A28A0092B4F912205A
:107B7000B4F910102046FFF725FE2979227E238ACA
:107B800001FB0233B8E7012938BF012101764176B4
:107B900070472DE9F04F046A85B00D46DDE910EC21
:107BA000DDE90E17002C75D00A2D0AD100211180B5
:107BB000407E217B1A8800FB01221A8005B0BDE8B7
:107BC000F08F0D2DFAD0267AB542F7D394F80A80BB
:107BD000A845F3D3AE1B6568F6B205EBC605AE78D3
:107BE0000196EE7895F9059095F906A002962E7902
:107BF000C57E0396ADB1019D90F818B009EB05085C
:107C0000B2F900500BFB0855B0F90C80454508DD72
:107C10000025158094F80C80457E1C8805FB0844DF
:107C20001C80047E019EB2F80080407E1B8816FBFB
:107C300004F609FB0488013E0FFA88F516FA88F865
:107C4000029E0AFB003316FB00F001380FFA83F99D
:107C500010FA83F3B1F90000A842C8BF0D80B7F94C
:107C600000104945C8BFA7F80090BEF900100FFAF0
:107C700088F84145B8BFAEF80080BCF900101BB2CF
:107C80009942B8BFACF800301388039901FB043364
:107C9000138093E70A2D05D11480417E1A8802EBE8
:107CA000C1028AE70D2D89D0C57E85B1B2F9006089
:107CB000057E4FF0060815FB0865B0F90C60B5426B
:107CC00005DD1480457E1C8804EBC5041C80057E00
:107CD000B2F90060062415FB0464467EB3F9000087
:107CE00000EBC600BEF90060013CA642B8BFAEF88A
:107CF0000040BCF9004001388442B8BFACF8000035
:107D0000B1F90040B2F900008442C8BF0880B3F95D
:107D10000030B7F900109942C8BF3B80118805EBCD
:107D2000450301EB4303B3E72DE9F04788B0DDE9F4
:107D30001086DDE912750C4647F6FF71A8F80020A1
:107D4000ADF814303380ADF818100023ADF81A10D8
:107D50004FF6FF712B808146ADF81620ADF81C1050
:107D6000ADF81E103B800DF11E0A14F8011BB9B9C5
:107D7000BDF91C30BDF918209342A1BF01339B1AF5
:107D8000A8F800203B80BDF91A20BDF91E309342AF
:107D9000A1BF01339B1A32802B8008B0BDE8F08769
:107DA00007AB02930DF11A03019306AB0093CDF8D4
:107DB0000CA005AB0DF116024846FFF7EAFED4E72A
:107DC00042600022027220220170C2607047037A72
:107DD00010B5044663B1606821780368DB6A984790
:107DE000606803685B6B9847B0FA80F0400910BD8B
:107DF000012100F003F80028EDD1F8E738B504467A
:107E000040680368DB690D4698470120207225B160
:107E10002046BDE83840FFF7DABF38BD2DE9F8430A
:107E2000DDE908961F46C368154632449A42044667
:107E3000884602D90020BDE8F883406821780368AD
:107E4000DB6A984786B9606803682A465B684146E2
:107E50009847A842EED16068036839461B6B984783
:107E6000B0FA80F04009E6E7B9F1000FEBD06068A6
:107E7000036832465B6849469847B042DAD1E2E788
:107E80002DE9F04105464068144602680F46966B9E
:107E90002978E2B2B047844210D100261FFA86F852
:107EA000A04506F1010602D30120BDE8F081686813
:107EB00003685B69984707F80800EFE70020F4E7DC
:107EC0002DE9F84307468846164699460025B542EF
:107ED00002D30120BDE8F883FB68741B9C4228BFD5
:107EE0001C46331BAB428CBF002309F00103224622
:107EF00008EB05013846FFF7C3FF0028EAD0254408
:107F0000E5E773B51D460023CDE900339DF81C302D
:107F1000069E0446FFF782FF40B101233246294600
:107F2000204602B0BDE87040FFF7CABF02B070BD86
:107F300010B50446406810B1082105F068FB2046E2
:107F400010BD38B5044690F90E00411C07D0012140
:107F500007F082FF94F90E00012107F0DBFF25688E
:107F60003DB12B682846DB6A9847012084F834002D
:107F700038BD012194F90F0007F06EFF637B94F97F
:107F80000F00012B94BF2946012107F0C3FF94F98C
:107F90001000421C07D0012107F05EFF94F9100089
:107FA000012107F0B7FF94F91100431CDDD0002137
:107FB00007F052FFD9E700002DE9F74F04460068AB
:107FC0000E4628B103681B6903B0BDE8F04F18479F
:107FD000237B0F785A4D002B14BF4FF0800B4FF0CE
:107FE000010B0BEA0707A368B5FBF3F5B7FA87F7B0
:107FF0008B187F09EDB20193019BB34202D103B00C
:10800000BDE8F08F96F800A0D9464FF0000815B1F2
:10801000284608F003F8627BA16912F0FD0F43D1F6
:1080200094F9102001320ED00AEA0900021E18BF8E
:108030000122BA4207D06269636A00282ED0106814
:108040001843106001270868E26A02430A6015B10C
:10805000284607F0E3FF94F91120013206D0E269C7
:108060001168A26A114218BF49EA0808A069E16ACA
:10807000026822EA01020260227B002A5DD14FEAF7
:1080800049035FFA83F9B9F1000FC0D194F91130B7
:10809000013318BF86F800800136ADE7176827EA7C
:1080A000030717600746CEE7032A2AD194F9102068
:1080B000013208D06269636A10681AEA090F14BFB6
:1080C0001843984310600868E26A20EA02020A60D6
:1080D00015B1284607F0A2FFA069E16A02680A43C9
:1080E000026015B1284607F099FF94F9112001327A
:1080F000C2D0E2691168A26A114218BF49EA0808B1
:10810000BAE70868E26A02430A6015B1284607F038
:1081100085FF94F91020013208D06269606A116805
:108120001AEA090F14BF014381431160A069E16A93
:10813000026822EA01020260D7E74FEA5909A2E782
:1081400020A1070007B501228DF807100DF10701E6
:10815000FFF732FF9DF8070003B05DF804FB03460C
:10816000006810B440B102685B68D46993E8060007
:1081700023465DF8044B18475DF8044B70470068D0
:1081800010B103681B6A1847704790F90E00431C32
:1081900002D0C9B207F0BEBE704710B50446FFF763
:1081A000DEFF20460021BDE81040FFF7EEBF10B50E
:1081B00001210446FFF7E9FF2046BDE81040FFF724
:1081C000DEBF2DE9F0411C4606460D461746FFF777
:1081D000E4FF069B04EB0308444508D12F44BD424D
:1081E0000BD13046FFF7E3FF0120BDE8F08114F822
:1081F000011B3046FFF7A6FFEEE715F8011B3046DE
:10820000FFF7A0FFEBE72DE9F0410D4617469DF87B
:108210001C8006461C46FFF7C0FF2F44BD4209D113
:10822000069BE518AC420BD13046FFF7C0FF01209A
:10823000BDE8F08115F8011B3046FFF783FFEDE73D
:1082400041463046FFF77EFF04F8010BEAE70029BC
:1082500010B51ADBB0F90C408C4216DD002A14DB95
:10826000B0F90E40944210DD847E022C0ED0032C17
:1082700015D0012C04D10489A41A013C0A4621B26C
:10828000012B12D0022B33D003B310BD0489013C63
:10829000611A4489A21A013A09B212B2F0E744897C
:1082A000013C641A114622B2EAE7002A0489134607
:1082B000B8BFD31DDB1013FB0413C16A02F0070023
:1082C00001228240C85C0243CA54DEE7002A1346FA
:1082D0000489C06AB8BFD31DDB1013FB041302F07E
:1082E000070201219140C25C22EA0102C254CCE79C
:1082F000002A13460489C06AB8BFD31DDB1013FBE4
:10830000041302F00702012101FA02F2C15C4A40A3
:10831000ECE7000038B504461D46FFF7EBF9124BB9
:10832000124A236000239D4208BF1546FF2284F8AD
:10833000332084F836209DF9102084F83720059AE0
:10834000A265069AE2650A4A62664FF6FF714FF42B
:108350008072A186A4F86820C4E90A53636284F895
:108360006A30204638BD00BFC06B0108104D0020A8
:1083700000093D0010B50446C06A08B107F070FE60
:10838000204610BD2DE9F0410446806A0D4698B1A3
:1083900094F93010FEF722F8A06A036800211B68E8
:1083A0009847A06A036829461B689847A06A036833
:1083B000BDE8F0415B6B1847226C206D136823EA1F
:1083C0000003606A136020B10368BDE8F0419B6858
:1083D0001847D4E90E23082180201668A76C0542AF
:1083E00014BF3E43BE4316601E68E76C3E431E60EA
:1083F0001E68E76C013926EA07061E604FEA500046
:10840000EBD1BDE8F08170B50446806A0D4688B1B5
:108410000368A16D9B6A9847A5F15A012046C9B22D
:10842000FFF7B0FFA06A98B10368E16D9B6ABDE8F1
:1084300070401847606A20B10368D4E91912DB69FB
:108440009847626C616D136823EA01031360E3E7E8
:10845000626C616D1368606A0B43136020B103683E
:10846000BDE870401B6A184770BD2DE9F041044615
:10847000806A0D468F1848B394F93010FDF7AEFFAF
:10848000A06A036800211B6898470126A06ABD42C4
:10849000036803D1BDE8F0415B6B1847202E0CD177
:1084A0005B6B984794F93010A06AFDF797FFA06ABC
:1084B000036800211B6898470126A06A15F8011B74
:1084C000036801361B689847B6B2DFE7226C216D5E
:1084D000136823EA01031360AF4201D1BDE8F081C4
:1084E000606A15F8011B18B103689B689847F3E7A9
:1084F000D4E90E234FF008088026D2F800C0D4F843
:1085000048E0314214BF4CEA0E0C2CEA0E0CC2F8C3
:1085100000C0D3F800C0E06C4CEA000CC3F800C007
:10852000D3F800C0E06CB8F101082CEA000CC3F8E5
:1085300000C04FEA5606E0D1CEE7B0F90A30DA1DA6
:1085400048BF03F10E02B0F90830C06AD2105A4396
:10855000002108F0F2BD00002DE9FF411E46C36A6C
:108560009DF8288004460F461546B3B12046FFF714
:10857000E4FFB4F90A00B4F9081020281FDC202316
:108580000122CDE90132203873237339009300EBC7
:10859000D070B14B01EBD1711FE0B0F90A30D81D9A
:1085A00048BF03F10E00B4F90830C010584307F07B
:1085B0004FFDE0620028D9D104B0BDE8F08140232E
:1085C0004FF0010CCDE9013C522340385239009361
:1085D000A24B00EBD07001EBD17140F34F0241F39D
:1085E0004F012046FFF79CF884F83170A76A002FEE
:1085F0006CD0002D68D1B4F90A30202B14BF3D2572
:108600003C2584F83050B8F1000F03D03B68DB699B
:1086100038469847DEB194F93700002817DB01216E
:1086200007F01AFC012194F9370007F073FC0120D0
:1086300007F0E6FC002194F9370007F06BFC0A20F4
:1086400007F0DEFC94F93700012107F063FCA06A13
:10865000002800F08D810368A16D9B6A9847042271
:108660007F492046FFF701FF61890139C9B22046E1
:10867000FFF788FE7B4904222046FFF7F6FE94F9B7
:108680003130012B14BF142110212046FFF77AFE50
:10869000042275492046FFF7E8FE8F23734A84F8C9
:1086A0006030A368934200F07C8102F5001293428F
:1086B00040F06C8194F93130012B14BFCF239F23FC
:1086C00084F8603012256DE16DB29AE794F93500B7
:1086D000012107F0C1FB012194F9360007F0BCFB32
:1086E00094F8351094F93520232910D8604B53F8AD
:1086F0002130C3F30313052B54D9142323645C4B9B
:1087000053F8212002F00F020123934007E002F00A
:10871000C003C02B29D0142323644FF4004394F8E2
:10872000361094F936202365232944D8504B53F84A
:108730002130C3F30313052B60D9142363644C4B1E
:1087400053F8212002F00F020123934063657A69F8
:10875000656A13437B61002D5CD0B8F1000F3FF4D4
:1087600059AF2B682846DB6A53E7C929D3D8414B58
:1087700002F03F0053F820003D4B53F82030C3F384
:108780000313052B0ED91423236402F0C003C02B5E
:10879000C3D1384B02F03F0253F82220344B53F838
:1087A0002220AFE7344850F82330232903F1140383
:1087B0002364A4D9E9E702F0C003C02B10D014232E
:1087C000636402F0C003C02B21D1C9291FD8294BF3
:1087D00002F03F0253F82220254B53F82220B1E744
:1087E000C929ECD8234B02F03F0053F82000204B5E
:1087F00053F82030C3F30313052BE0D81E4850F87C
:108800002370232907F11403636498D9D9E74FF43F
:1088100000439BE794F93300012107F01DFB012180
:1088200094F9340007F018FB94F8331094F93320CE
:10883000232923D80E4B53F82130C3F30313052B00
:108840005ED91423A3630A4B53F8212002F00F02D0
:10885000012393401AE000BF366C0108166E010830
:10886000326C01082E6C01082A6C0108800020007F
:10887000347701080C770108F800002002F0C003EB
:10888000C02B20D01423A3634FF4004394F834107A
:1088900094F93420A36423293BD8634B53F8213047
:1088A000C3F30313052B57D91423E3635E4B53F82B
:1088B000212002F00F0201239340E3646A6922EA57
:1088C00003036B61A6E6C929DCD8584B02F03F00D0
:1088D00053F82000544B53F82030C3F30313052BF7
:1088E0000ED91423A36302F0C003C02BCCD14F4B8D
:1088F00002F03F0253F822204B4B53F82220A5E709
:108900004B4850F82330232903F11403A3639AD969
:10891000E9E702F0C003C02B10D01423E36302F098
:10892000C003C02B21D1C9291FD8404B02F03F0200
:1089300053F822203C4B53F82220BAE7C929ECD83F
:108940003A4B02F03F0053F82000374B53F82030E9
:10895000C3F30313052BE0D8354850F823502329DF
:1089600005F11403E363A1D9D9E74FF40043A4E769
:10897000606A20B10368D4E91912DB699847626C18
:10898000616D136823EA0103136068E6294A934284
:1089900033D194F93130012B14BFAF23102384F865
:1089A00060300225DA212046FFF7ECFC29462046FC
:1089B000FFF7E8FC81212046FFF7E4FC94F8601003
:1089C0002046FFF7DFFCD9212046FFF7DBFC94F9B6
:1089D0003130012B14BFF12122212046FFF7D2FCB8
:1089E000204615490622FFF740FDA06A78B10368CA
:1089F000E16D9B6A98470120DEE5104A9342D0D191
:108A000094F93130012B14BFCF23102358E6626C48
:108A1000616D1368606A0B4313600028EBD0036834
:108A20001B6A9847E7E700BF347701080C77010815
:108A3000F800002060001000246C010840002000B5
:108A400070B5002ABDF8105021DBB0F90A409442FD
:108A50001DDD0029BCBFC9180BB2B0F90840B8BF72
:108A60000021CE18A642C4BF631A1BB2002B0EDD34
:108A7000D61014FB0614C16A02F0070001228240DE
:108A8000012D2144D2B20CD0022D01D095B170BD80
:108A90000B449942FBD011F8010B504001F8010C36
:108AA000F7E70B449942F2D011F8010B104301F89B
:108AB000010CF7E7D243D2B20B449942E7D011F848
:108AC000010B104001F8010CF7E70000F0B5002998
:108AD000BDF8145052DBB0F90870B9424EDA002AE2
:108AE000BCBF9B181BB2B0F90A40B8BF0022D61811
:108AF000A642C4BFA41A23B2002B3FDDC2F3C406B2
:108B000016FB0716C76A12F00702DBB207EB060472
:108B100019D0C2F10802D2B22E4993423CBF4FF0A5
:108B2000FF0CA2EB030E895C3CBF4CFA0EFC01EA81
:108B30000C01012D23D0022D2CD035B393421DD32F
:108B4000B0F908100C449B1ADBB2072B0ED9022D8A
:108B500025D11A462178C9432170083AB0F9081086
:108B6000D2B2072A0C44F5D803F0070333B11A4AEE
:108B7000012DD35C22D0022D28D01DB3F0BD17F8F3
:108B800006C041EA0C01B955D8E717F806C02CEA2F
:108B90000101F8E717F806C081EA0C01F3E7291E86
:108BA00018BF01214942C9B21A462170083AB0F9EA
:108BB0000860D2B2072A3444F7D8D5E722781343A5
:108BC0002370DBE7227822EA0303F9E72278534097
:108BD000F6E700BF1C6C0108146C010830B41446A1
:108BE000827EBDF80850022A0DD0032A18D0012A2F
:108BF00011D10289121B013A14B202950A4621468C
:108C000030BCFFF763BF4289121B013A14B20289DC
:108C10001944511A09B20295224630BCFFF710BF21
:108C200042891944511A09B2E7E730B41446827EEA
:108C3000BDF80850022A0DD0032A18D0012A11D1FC
:108C400002891C44141B24B202950A46214630BCFA
:108C5000FFF7F6BE0289521A013A11B242891C444A
:108C6000141B24B20295224630BCFFF72FBF428965
:108C7000521A013A11B2E7E72DE9F0410446806A41
:108C800000283FD00368A16D9B6A9847554904228C
:108C90002046FFF7EAFBB4F90830402B40D12021F1
:108CA0002046FFF76FFB21891F312046C9B2FFF72D
:108CB00069FBB4F90A202689D31DD4E90A0548BF07
:108CC00002F10E03DB1016FB03F615FA86F60028F8
:108CD00045D094F93010FDF781FBA06A036840216C
:108CE0001B6898470127A06AB54203681FD15B6BD8
:108CF0009847A06A002866D00368E16D9B6ABDE8CA
:108D0000F0411847606A20B10368D4E91912DB69A1
:108D10009847626C616D136823EA01031360B5E73D
:108D200000212046FFF72EFB21890139BDE7202FC6
:108D30000CD15B6B984794F93010A06AFDF74EFB9D
:108D4000A06A036840211B6898470127A06A15F8AC
:108D5000011B036801371B689847BFB2C3E7226C49
:108D6000216D13680B431360B542C2D0606A15F8D9
:108D7000011B18B103689B689847F5E7D4E90E23F7
:108D80004FF008088027D2F800C0D4F848E03942F4
:108D900014BF4CEA0E0C2CEA0E0CC2F800C0D3F83B
:108DA00000C0E06C4CEA000CC3F800C0D3F800C06F
:108DB000E06CB8F101082CEA000CC3F800C04FEADF
:108DC0005707E0D1D0E7626C616D1368606A0B43AE
:108DD000136020B10368BDE8F0411B6A1847BDE885
:108DE000F08100BF106C010870477047704710B5E4
:108DF0000C21044604F00BFC204610BD10B50C21DC
:108E0000044604F004FC204610BD000038B50C46B2
:108E100005461D22002104F10B0008F08EF90949D6
:108E20000B22204608F0B0F90123E3606B68236150
:108E30000D236361044BE361044BA361044B236284
:108E400038BD00BF60620108000020C20000AA42D5
:108E50000AD7233C38B50C4605461D22002104F1F3
:108E60000B0008F06AF909490B22204608F08CF93A
:108E70000123E3606B68236106236361044BE361B4
:108E8000044BA361044B236238BD00BF606201083C
:108E90000000964300808944A69B443C38B50025D9
:108EA00004460160C0E90155C0E90355C0E90E550B
:108EB00085610C2004F0A9FB084B03604FF48C7310
:108EC000C0E90134E0600C2004F09FFB044B846097
:108ED000C0E900352061204638BD00BFE0700108C0
:108EE000FC70010838B58568044635B12846FFF79F
:108EF0001FF83821284604F08AFB606810B1102161
:108F000004F085FBE06810B103685B68984720694E
:108F100010B103685B689847204638BD1FB504460A
:108F200040688DF80D2058B10023CDE900338DF84D
:108F30000C100123022203A9FEF770FF04B010BD3C
:108F400001F07F0100908DF80C1003460222A0680A
:108F500003A9FFF736F9F1E7F8B587699DF81850CE
:108F60009DF81C6004467FB3DB0002F0070203F0AB
:108F70003803134343EA811190F8383080F83C10ED
:108F800005F0070206F0070162F3C50361F302036F
:108F9000920080F8383042EA4112C3F3C0131A43FA
:108FA000F521FFF7BBFF94F83C20C2F3C20302F0A7
:108FB00007019B0043EA411343EA92122046F42141
:108FC000BDE8F840FFF7AABFF8BD1FB504464068EA
:108FD00068B100230122CDE9002303AB8DF80C100A
:108FE0001946FEF78EFF9DF80C0004B010BD01225B
:108FF000FF23CDE9002361F07F0103AB8DF80C1056
:10900000A0681946FFF7FFF8EDE71FB50446406872
:1090100080B102238DF80C100021CDE9003103ABA3
:1090200001221946FEF76DFFBDF80C0040BA80B270
:1090300004B010BD0223FF22CDE9003261F07F01B0
:1090400003AB8DF80C10A06801221946FFF7DBF87E
:10905000EAE708B5FFF7D9FF40BA80B208BD1FB5EF
:1090600004464068B0B103238DF80C100021CDE90F
:10907000003103AB01221946FEF743FF9DF80D3086
:109080009DF80C209DF80E001B0243EA0243184392
:1090900004B010BD0323FF22CDE9003261F07F014F
:1090A00003AB8DF80C10A06801221946FFF7ABF84E
:1090B000E4E710B588210446FFF7CBFF8A2120841E
:1090C0002046FFF7C6FF8C2160842046FFF7C1FFD2
:1090D0008E21A0842046FFF7BCFF9021E08420462B
:1090E000FFF7B7FF922120852046FFF7B2FF9421BA
:1090F00060852046FFF7ADFF9621A0852046FFF74B
:10910000A8FF9821E0852046FFF7A3FF9A2120863B
:109110002046FFF79EFF9C2160862046FFF799FFBF
:109120009E21A0862046FFF794FFE08610BDF7B58C
:10913000044680680F461646E0B9606810B11021F9
:1091400004F065FA102004F060FA394605462268FA
:10915000FEF736FE656001212846FEF74FFE30B16E
:10916000D0212046FFF731FFB042A06105D000209A
:1091700003B0F0BDFEF7E5FEF1E72046FFF799FFEB
:109180000023CDE9003305231A4603212046FFF7CB
:10919000E3FE642006F034FF0120E9E7836910B59F
:1091A00004460BB3FA21FFF75AFF228CB4F92210C0
:1091B0009FED0F7AC2EB20235200C2EBE0124A432C
:1091C0005B43B4F924101B134B439B1303EBE223C3
:1091D000E36103EB830380331B1207EE903AF8EE52
:1091E000E77A87EE870A10BD9FED020AFBE700BF12
:1091F0000000C8420000C07F38B50C46054620225A
:109200000021201D07F099FF242323606B68636011
:109210000D23A36006F0F2FE2061A868FFF7BEFFF1
:1092200084ED050A012038BD83692DE9F04104462B
:10923000002B00F0B980FFF7B1FFF7212046FFF7C0
:109240000EFFE1694FEAE17CB1F5FA314CF1FF3CE8
:10925000A1FB01E501FB0CF305EB4305B4F9283054
:10926000DE1703FB0CF201FB0622A3FB013632449E
:1092700012031E0342EA1352B4F92A304FEAE3788C
:1092800003FB05F70EFB0877A3FB0E3847441B0AC8
:1092900043EA07639B19B4F8268042EB272202F5C4
:1092A0000042A3FB083608FB0266F317721053EA6C
:1092B00066064FF000077AD0B4F930604FEAE678DE
:1092C00075430EFB0855A6FB0EE63544B4F92E6037
:1092D0004FEAE67806FB0CFC01FB08CCA6FB01611B
:1092E0006144490441EAD6310011760416EB0E06BA
:1092F000C0F58010B4F92CC045EB010500F0004129
:10930000BF1941EA5001C007C01B05EBCC0561EB5A
:10931000050140F63545A0FB050605FB0161F7F7A1
:1093200091FDB4F9363007464D137A0B42EAC1423B
:1093300008464FEAE37C03FB05F102FB0C11A3FB9B
:10934000023C61445D4302FB0155A3FB02322A4407
:109350005B0E43EAC213DB1940EB6261B4F93420BF
:10936000D517504305FB0700A2FB07263044D20C5B
:1093700042EA40329B1841EBE042B4F93200C11797
:109380001B0A090143EA026341EA10710001C01897
:1093900041EB2221F7F718FDDFED067A00EE100A07
:1093A00020EE270ABDE8F0819FED030AFAE79FED62
:1093B000030AF7E70000803B0000C07F00000000C8
:1093C00038B50C46054620220021201D07F0B5FEC9
:1093D000242323606B6863600623A36006F00EFEFF
:1093E0002061A868FFF720FF9FED037AC0EE077A9F
:1093F0000120C4ED057A38BD0000C84207B50368F6
:109400008DF807105B6801220DF10701984703B042
:109410005DF804FB006A10B103689B681847704749
:1094200010B50446006A18B901236360002010BD1E
:109430000023436092B200F0C5FF236A5B68002BF3
:10944000F5D0F1E7006A10B1012100F023BE7047AA
:1094500007B501220DF1070100F04CFD01280CBFFA
:109460009DF807004FF0FF3003B05DF804FB006A81
:1094700008B510B1FFF7ECFF08BD4FF0FF30FBE778
:1094800038B50546006A58B1FFF7E2FF431C0446B1
:1094900004D0286A0169013900F0CEFD204638BDAC
:1094A0000446FBE7F8B54FF47A7317460022C0E98B
:1094B00001230F4B0360054628200C4606F0C8FD2B
:1094C000286298B1234603F12802044618685968B7
:1094D000264603C6083393423446F7D10C22394658
:1094E00005F1100007F050FE00232B772846F8BD49
:1094F0001871010800224FF47A71C0E90121024974
:10950000016002620274704718710108006A08B5B0
:1095100008B100F0EFFC08BD036A0BB11869704791
:109520004FF0FF307047006A00B1C069704708B55E
:10953000036A014663B1FFF7F6FF02460846FFF7EC
:10954000EBFF47F6FF73101A984228BF184608BD74
:109550001846FCE710B50446006A30B100F0CCFDB7
:10956000206A06F07DFD0023236210BD006A18B159
:10957000407A003818BF01207047000010B58AB04B
:1095800000230A460A49019300918DF809300146EB
:109590000123684600F088FE002814BF012400243F
:1095A00002D0684600F0A8FD20460AB010BD00BFFA
:1095B0003C71010838B5012204460D4601F074F9EA
:1095C000024628B929462046BDE8384001F06CB96A
:1095D000012038BD30B50B68C45C2F2C08BF0133A7
:1095E0000024C55C2F2D06D02DB1155501340C2C4F
:1095F00003F10103F5D100251555C25C2F2A08BFE0
:1096000001330B60C05C003818BF012030BD000082
:109610002DE9F04F9246244A9BB09B460023CDE9AA
:10962000102381460D46079306928DF821308DF860
:10963000493001930C460DF1180802AA01A94846C9
:10964000FFF7C8FF80F0010207465B46D2B202A9CD
:109650002046D047064650B9AC4204D100263046D9
:109660001BB0BDE8F08F204600F046FDF6E76FB175
:10967000012302AA2146404600F016FEAC420646EF
:109680000AD0204600F038FD4EB9E7E7AC42E6D0FC
:10969000204600F031FDE2E70028DFD010AC234681
:1096A00044469846C9E700BF3C71010838B590F8B8
:1096B000413004460D4613B1383000F01DFD2A46F6
:1096C0000121204600F0BCFA08B9002038BD04F1A1
:1096D000100521462846FFF76DFF0028F5D02946E2
:1096E00004F1380000F0DEFB003818BF0120EDE780
:1096F0002DE9F04FDFF8CCA09BB04FF000090546F4
:10970000103106A89346CDE910A90193CDF81C901D
:10971000CDF818A08DF821908DF8499000F0C2FB8B
:109720005F460DF1400806AC2F21384607F00DFDCD
:10973000B8B9019BA7EB0B071F606368C5E900A3DD
:1097400023892B81E368EB6023692B6163696B617B
:10975000237E2B76E369EB61236A2B62636A6B627B
:1097600026E03B782F2B07D143460137A0461C4605
:10977000234644469846D7E7C61BF6B20C2E28BFB0
:109780000C263246394602A807F0FEFC06F16803B3
:109790006B44404603F8609C00F0AEFC012302AA33
:1097A0002146404600F080FD30B9C5E900A068724E
:1097B00028461BB0BDE8F08F2046374400F09CFCE3
:1097C000D6E700BF3C7101082DE9F041A0B0044686
:1097D0001D46002701AB02A816460197FFF788FF38
:1097E000019A9DF8113006EB0208B25C2C4EF2B9DA
:1097F0008DF86130059B1993069B1A93079B039A7A
:109800001B939DF820308DF87030099B1D93CDE996
:1098100016620A9B9DF810208DF860201E93214A45
:109820000B9B1F9316A92046FFF73CFE07E0CDE9EE
:109830000C678DF8397033B92046FFF75BFE204680
:1098400020B0BDE8F0812B46424602A90CA800F0EA
:109850002BFD0028F0D002A805F0060500F04CFC16
:10986000062D03D113990CA800F0E6FB0D9BCDE962
:109870001663BDF83830ADF860300F9B1993109B1C
:109880001A93119B1B939DF848308DF87030139BF1
:109890001D93149B1E93159B1F934246C2E700BF66
:1098A0003C7101086762010810B40446044A084686
:1098B000002304F138015DF8044BFFF7A9BE00BF97
:1098C0007D950008074B02210022196106491A7391
:1098D000C3E9012283F83020DA63996383F84120D9
:1098E000704700BF784E00203C71010802480022FA
:1098F000FF21FDF70ABB00BF004E002001460022F9
:109900000148FDF702BB00BF004E0020062903D925
:1099100016234371002070470E4B4FF480720529C7
:1099200015D8DFE801F0030A0C0E10120A499A80DC
:10993000002219609A71012070470849F7E7084929
:10994000F5E70849F3E70849F1E70849EFE708496F
:10995000EDE700BFE000002040787D0100093D00F8
:1099600080841E0040420F0020A1070090D0030019
:1099700048E8010038B50C4606F040FB0546FFF705
:10998000B5FFFF2806D006F039FB431BA342F6D3F0
:10999000002038BD0120FCE708B50121007906F060
:1099A000B9FA054B1A7832B100221A70BDE80840A6
:1099B0000248FDF7BBB908BDDC4E0020004E002078
:1099C00038B5837904465BB140F2012523895A1CDE
:1099D000AB42228105D92046FFF7DEFF0023A371A9
:1099E00038BDFFF783FFF1E738B5044606F006FB04
:1099F0000546FFF77BFFFF28E07208D0FE280ED057
:109A00000D2320466371FFF7C7FF002038BD06F025
:109A1000F5FA401BB0F5967FEBD90F23F1E7012053
:109A2000F4E770B5054608461446FFF767FF661E63
:109A300004F2FF1416F8010FFFF760FFA642F9D1F8
:109A4000FF20FFF75BFFFF20FFF758FFFFF74EFFF8
:109A500000F01F03052BE87206D0112328466B7116
:109A6000FFF79AFF002070BD0120FCE710B5094BFD
:109A70001A7804463AB901221A70074B074893E84E
:109A80000600FDF786F920790021BDE8104006F0B8
:109A900041BA00BFDC4E0020E0000020004E002054
:109AA000F8B504460D461746FFF78AFF2046FFF734
:109AB000DDFF4FF496712046FFF75CFF45F0400054
:109AC000FFF71CFF182627FA06F0C0B2083EFFF782
:109AD00015FF16F1080FF6D185B1082D0CBF8720B0
:109AE000FF20FFF70BFF0025FFF700FF0306E072E2
:109AF00003D50135B5F5807FF6D1F8BD9520F0E7A7
:109B0000F8B5044617461E46002B3DD01344B3F566
:109B1000007F15DC83792BB103688B4202D1008969
:109B200090421BD9237B2160032B18BF49020A46B0
:109B300020461121FFF7B4FF054630B103236371BE
:109B40002046FFF729FF00201FE02046FFF74CFFCB
:109B50000028F5D001232581A3712846B84215D3EA
:109B6000069DAF19FFF7C2FE05F8010BBD42F9D102
:109B700023891E44A37AB6B2268113B1B6F5007FBD
:109B800002D32046FFF71CFF0120F8BDFFF7AEFE11
:109B90002089013080B22081E0E707B54FF40073DF
:109BA00000920022FFF7ACFF03B05DF804FBF8B5AC
:109BB000154604461F460A4631B9122363712046F2
:109BC000FFF7EAFE00252AE0037B032B18BF4A02B9
:109BD0001821FFF765FF064608B10423EEE72A4681
:109BE000FE212046FFF71DFF05460028E7D09FB164
:109BF0004FF416712046FFF7BDFE08B91523DDE7C7
:109C000032460D212046FFF74BFF08B11423D5E75C
:109C1000FFF76CFE0028F9D12046FFF7BDFE28466D
:109C2000F8BD38B50546FFF721FFFFF75FFE044694
:109C30002846FFF7B1FEB4F1FF0018BF012038BD80
:109C4000F8B500250271057385728571457104466A
:109C50000F4606F0D3F901210646207906F0FCF8FC
:109C60002079012106F056F929464148FDF736F9D9
:109C7000404B414A1A604FF480729D719A8093E87C
:109C800006003B48FDF785F80A25FF20013DFFF758
:109C900035FE15F0FF05F8D13548FDF747F82046A9
:109CA000FFF7E4FE002211462046FFF7F9FE0128E7
:109CB0000546E07243D14FF4D57208212046FFF7E4
:109CC000EFFE42070AD40425FFF710FE013D15F010
:109CD000FF05E072F8D1AA2846D10225AB1E2573F4
:109CE0005D425D41AD07002237212046FFF7D8FED7
:109CF0002A4629212046FFF7D3FE0246E07258BBD0
:109D0000237B022B12D13A212046FFF7C9FE68BB04
:109D1000FFF7ECFD00F0C000C02804BF032323734D
:109D2000FFF7E4FDFFF7E2FDFFF7E0FD2046FFF758
:109D300033FE39462046BDE8F840FFF7E7BD06F0A0
:109D40005DF9801BB0F5FA6FACD901232046637131
:109D5000FFF722FE0020F8BD06F050F9801BB0F599
:109D6000FA6FC0D90823F1E70223EFE70623EDE7F6
:109D7000004E0020E000002090D0030010B500F15C
:109D80000C0204460121406A00F010FD60B1236A14
:109D90002BB9237AE268226263F07F032372237A6D
:109DA00043F020032372012010BDF8B50546FFF7EC
:109DB000E5FF074610B900273846F8BD6B6AEC6826
:109DC0001A7C1E79023C94405A6914442644B442D9
:109DD00008D16B6A1B7C4FF400729A40EB69134404
:109DE000EB61E9E7013E304600F02AFC0028EED1A5
:109DF000E1E7000010B50446406900F0FDFB18B132
:109E0000237E024800EB431010BD00BFF04E00203F
:109E10002DE9F0434FF0203385B006464B600A46EB
:109E20000B60C1F8073000254FF0070816F8013B1A
:109E300023B91078203818BF01202DE02E2B06D131
:109E4000B8F10A0F27D008254FF00A08EEE7144CA6
:109E5000EC4604F110096F4620686168E646AEE8FA
:109E6000030008344C45F446F6D1394611F8010B8D
:109E700078B9A8450FD3A3F121015D290BD8A3F12F
:109E8000610119299CBF203BDBB2691C5355CDB23F
:109E9000CCE78342EAD1002005B0BDE8F08300BFE3
:109EA0006962010838B5427A04460D460AB10020BD
:109EB00038BD91F82030102B0ED1022343724B8C09
:109EC00002625B01C36100230120C4E903336562C0
:109ED000207263612376EBE7202BE8D103234372E2
:109EE000496A016200F11C02284600F0F7FB0028D5
:109EF000E9D1DCE72DE9F74F437A04460F461646D1
:109F000023B94FF0FF3003B0BDE8F08F037ADA07D2
:109F1000F7D5C3690269DFF8E0A0DFF8E0B09B1A6B
:109F20009E4288BF9EB2B046B8F1000F01D130B258
:109F3000E9E7637A2269606A022BC2F308054FEAF7
:109F4000522122D1406A0844C5F50073227A98450F
:109F5000CCBF1FFA83F9C146530602D4B9F5007F7E
:109F600003D1DAF8002082422CD1002100F044FB1A
:109F70000028C6D01F4B1D4405EB09002A46394670
:109F8000824232D17D1B571927E00379013B0B40F8
:109F90005FFA83F92DB9B9F1000F02D152B9226AE3
:109FA000E260626AE068117C5269023888401044BD
:109FB0004844C9E7E16804F10C0200F05DFB0028A9
:109FC000EFD19EE7009701464B46DBF800002A469A
:109FD000FFF796FD002894D04F442269A8EB0903AF
:109FE0004A4422611FFA83F89EE712F801CB01F878
:109FF00001CBC5E7F04E0020E8000020EC4E002029
:10A0000037B5437A012B044609D9036901220DF1C2
:10A010000701C3F34315FFF76DFF012802D00020AD
:10A0200003B030BD236903481F33236100EB4510A3
:10A03000F6E700BFF04E0020F8B5437A04460E461E
:10A040000BB90020F8BDC2698A42FAD3022B01D0B5
:10A0500019B9E16026610120F4E7436A01691A7CBD
:10A06000751E09324B1ED340D540AB4200D871B9A2
:10A07000236AE36004F10C07002DEBD0E168606A0D
:10A080003A4600F0F9FA013D0028F5D1D9E7ED1A7A
:10A09000F0E7000070B5437A04460E4643B390F9EA
:10A0A0000830002B1ADA0121FFF7A4FE0546F8B1AB
:10A0B000637A012B9CBFE369C361236A43831B0C52
:10A0C00083820C4B1B682BB100F1160118309847A6
:10A0D0002B8B6B82237A03F07F0323721EB9237AC2
:10A0E00023F0100323723046BDE8704000F060BAE0
:10A0F000002070BDE04E002010B501210446FFF79E
:10A10000C9FF10B100236372012010BD10B5437A5E
:10A11000012B04460AD1037A9A0707D5590707D4B9
:10A12000154B1868FFF77DFD014650B1002010BDAA
:10A13000C16903698B42F3D0FFF77EFF0028EFD19E
:10A14000F4E7237A9A0607D52046FFF7A3FF237A80
:10A1500023F020032372E9E7084A126812B100F0E5
:10A160000FFAE3E72069C0F3080043F01003C0F5DD
:10A170000070237280B2DAE7EC4E0020E44E00203B
:10A18000F7B5437A012B04460D4603D00023184649
:10A1900003B0F0BD027A9207F8D5C2698A42F5D3BE
:10A1A000002AF4D00669FFF747FF0028EED0606A66
:10A1B000D5B9216A00F056FB0028E7D02562237A42
:10A1C000E56163F07F03237201212046FFF762FF00
:10A1D0000028DBD0AE423146204628BF294603B0D6
:10A1E000BDE8F040FFF728BFE16801AA00F044FA9B
:10A1F0000028CBD0606A0C4A90F8207001994FF685
:10A20000F873102F18BF13469942D8D200F02AFBDA
:10A210000028BBD0E168606A6FF0704200F082FAFB
:10A220000028CCD1B2E700BFF8FFFF0F38B51C4BB8
:10A2300003EB41131546DA7A12F0110F044604D0ED
:10A2400015F0420F01D0002038BD164A2176126861
:10A25000598B62619A8A41EA02412162DA7A12F0EC
:10A26000180210D1DB69E3610123637205F00F036B
:10A27000237200216B06C4E903110FD52046BDE807
:10A280003840FFF77DBF102ADDD1606A04F11C025F
:10A2900000F024FA0028D6D00423E6E70120D3E713
:10A2A000F04E0020E80000202DE9FF4705460C464F
:10A2B0006E7A10461F4676BB01A9FFF7A9FD8246BC
:10A2C00048B3636A6B62C4E90366DFF8F4902369FC
:10A2D000E269934214D22046C3F34318FFF790FE7D
:10A2E0000146C0B10378002B62D0E52B17D146BBE5
:10A2F000D9F8003085F818806B610B780BBB564697
:10A3000007F01203122B06D1EEB101212846FFF708
:10A3100071FD044608BB002004B0BDE8F0870B22A5
:10A3200001A806F0E1FE0028D1D107F03003302B60
:10A33000F1D03A464146284604B0BDE8F047FFF761
:10A3400075BF5646C3E7637A022BE4D02046FFF779
:10A350002CFD0028DFD0184C2E761522002104F1A8
:10A360000B0006F0EAFE01AB03CB1A889B78A372C0
:10A37000124B20601B68616022818BB104F10E01D9
:10A3800004F110009847238A63822383E389E382E0
:10A39000012000F00DF90028BDD0297E3A46CAE719
:10A3A00021222274A373282208236274E373EAE74C
:10A3B000002E9DD0A3E700BFF04E0020E04E00200D
:10A3C000E80000202DE9F04F437A012B85B00446C8
:10A3D0008846174623D1057AA90720D56A0716D4DF
:10A3E000C5F3001585F00105EBB2DFF878B10193F4
:10A3F000BA462569BAF1000F15D1E269237AAA425B
:10A4000080F09280E56163F07F03237292E0C1697E
:10A4100003699942E4D0FFF70FFE0028E0D1012341
:10A42000636000208AE0606A0679013E06EA5526EC
:10A4300016F0FF06C5F308050BD155B9E1680029F0
:10A4400035D1236A23B92046FFF798FC08B9E6E71F
:10A45000E360626AE368117C5269C5F500791FFA0E
:10A4600089F9D145A3F1020328BFD1468B4013449B
:10A47000B9F5007F1E442DD1DBF800303448B342DB
:10A4800004BF4FF0FF33CBF800300068019B424619
:10A490003146FFF78CFB0028C1D008F5007823690E
:10A4A000AAEB090A4B441FFA8AFA2361A1E703AA1F
:10A4B00000F0E2F80028B4D0636A264893F8201030
:10A4C000039A4FF6F873102918BF03469A42BAD27E
:10A4D000E260BEE7E5B92269E3699A4218D3012038
:10A4E00000F066F800289AD01B4ACBF80060137879
:10A4F00043F001031370194B1D4405EB09012B4672
:10A5000042468B420BD1A8EB050503EB0508C6E7D5
:10A510000121304600F070F80028ECD17FE712F8F6
:10A52000010B03F8010BECE70D4A126812B1002F82
:10A530007FF469AF237A1B0703D4384605B0BDE822
:10A54000F08F01212046FFF7A5FD0028F5D166E731
:10A55000EC4E0020F8FFFF0FE84E0020F04E0020E8
:10A56000E04E0020E800002007B501228DF807101A
:10A570000DF10701FFF726FF03B05DF804FB0000B3
:10A5800010B5084C2168034609B9012010BD0648E2
:10A59000064A0068FFF70BFB0028F7D00023236072
:10A5A000F3E700BFE44E0020EC4E0020F04E002008
:10A5B00038B50D4D2B7804460BB9012038BD0B4939
:10A5C0000B4A096803460B480068FFF7F0FA08B920
:10A5D0000020F3E7002CF0D02046FFF7D1FF002841
:10A5E000F6D000232B70E8E7E84E0020E8000020BA
:10A5F000F04E0020EC4E002070B50D4E33688342C3
:10A6000005460C460ED00120FFF7D2FF08B9002006
:10A6100070BD084B084A18682946FFF7BEFA0028A3
:10A62000F5D03560054B1A7814431C700120EFE714
:10A63000E8000020EC4E0020F04E0020E84E002004
:10A6400038B505460120FFF7B3FF044660B14FF46B
:10A6500000720648002106F070FD054B054A1D609A
:10A66000137843F001031370204638BDF04E0020EC
:10A67000E8000020E84E0020C36801338B4270B52B
:10A6800005460C46164601D2002070BD90F82020E9
:10A69000C369102A0CBF080AC80918440D4B1B686F
:10A6A00083420AD195F82030102B0B4B0BD1E4B22A
:10A6B00033F8143033600120E7E70021FFF79CFFF7
:10A6C0000028EFD1E0E704F07F0453F8243023F0B2
:10A6D0007043EFE7E8000020F04E00202DE9F34141
:10A6E0000F4E01910446154600274FF4007801995A
:10A6F00001AA2046FFF7C0FF70B1237C94F8202008
:10A7000008FA03F31F444FF6F873102A18BF3346B4
:10A71000019A9A42EBD32F6002B0BDE8F08100BFEE
:10A72000F8FFFF0F0129F8B505460C46174601D87A
:10A730000020F8BDC36801338B42F9D390F8202084
:10A74000C369102A0CBF0E0ACE091E44134B1B68A6
:10A75000B34211D195F82030102B114B13D1E4B234
:10A7600023F814700F4A137843F0010313702B7E03
:10A77000012B0DD80120DCE700213046FFF73CFF1C
:10A780000028E7D1D4E704F07F0443F82470E9E718
:10A79000AB68054A33441360ECE700BFE8000020D3
:10A7A000F04E0020E84E0020E44E00202DE9F74F47
:10A7B000146806460F4690464CB301344FF000092A
:10A7C000F368254603F1010B4FF0000AF368534587
:10A7D00018D95D4588BF022501AA2946304688BFA1
:10A7E0002C46FFF749FF68B1019A6B1CB2B91A1BDE
:10A7F000BA4214D16FF0704229463046FFF792FFFB
:10A800000746D0B90027384603B0BDE8F08F4B1E8D
:10A81000D3F10009046849EB0309D1E71C460AF1AA
:10A82000010A1D46D2E705F1FF3A2A465146304655
:10A83000FFF778FF0028E5D05546AC42F3D3D8F8AF
:10A84000001039B9C8F80040B9F1000FDBD001346D
:10A850003460D8E722463046FFF764FF0028F1D184
:10A86000D0E7000073B502230E4E036005460C4688
:10A8700001AA21462846FFF7FFFE88B100222146A3
:10A880002846FFF74FFF58B195F82020019C4FF65E
:10A89000F873102A18BF33469C42E9D302B070BD4A
:10A8A0000020FBE7F8FFFF0FF8B53B4B05461960AA
:10A8B0001446DAB1042A01D90020F8BD0021084667
:10A8C000FFF79AFE0028F7D0344B03EB041292F8FE
:10A8D000AE215206F0D11B3403EB0413D3F80A2047
:10A8E000632AE9D9D3F80640002CE5D000212046A0
:10A8F000FFF782FE0028DFD0284BB3F80B20B2F51B
:10A90000007FD9D11A7C002AD6D0D9890029D3D08A
:10A91000597B0029D0D02A76002229712A74012778
:10A9200007FA02F6B14227D1DE8A06B95E6AD989F2
:10A93000AE602144E961B3F811C0A5F822C01FFA46
:10A940008CF793F810C006FB0C117E0106F2FF167F
:10A95000696201EB56216961B3F8136006B91E6A9A
:10A96000641A3444D44040F6F4729442EC600AD83D
:10A970000C2385F82030A0E70132092A2A74CFD1B0
:10A980009AE71023F5E74FF6F4729442F9D9DB6A9F
:10A990006B622023EDE700BFEC4E0020F04E00205C
:10A9A0007047000038B50E4B1A784FF47A73B3FB3A
:10A9B000F2F30C4A05461068B0FBF3F000F0DEFA43
:10A9C000044658B90F2D09D8024629464FF0FF30EA
:10A9D00000F082FA044B20461D6038BD0120FCE7E0
:10A9E000EC0000201C010020F000002008B50B4BFB
:10A9F0001A6842F400721A601A6842F480621A609F
:10AA00001A6842F480721A60032000F053FA0020A2
:10AA1000FFF7C8FFFFF7C4FF002008BD003C02405D
:10AA2000034A044B11681B780B441360704700BF46
:10AA3000F0500020EC000020014B1868704700BF68
:10AA4000F050002038B50446002800F09B80056CCB
:10AA500025B902F097FE656484F83C50236CDB0650
:10AA600000F18E80236C23F4885323F0020343F01B
:10AA700002032364444B5A6822F440325A605A68F5
:10AA800061680A435A60236821695A6822F4807217
:10AA90005A605A6842EA01225A605A68A16822F054
:10AAA00040725A605A680A435A609A68E16822F410
:10AAB00000629A609A680A439A603449A26A8A429C
:10AAC00052D0996821F07061996099680A439A6040
:10AAD0009A68E16A22F040529A609A680A439A6042
:10AAE0009A6822F002029A609A68217E42EA410244
:10AAF0009A6094F82020002A3ED05A68616A42F495
:10AB000000625A605A6822F460425A605A680139F9
:10AB100042EA41325A60DA6AE16922F47002DA628A
:10AB2000DA6A013942EA0152DA629A6822F4007262
:10AB30009A609A6894F8301042EA41229A609A68C2
:10AB4000616922F480629A609A68002042EA812258
:10AB50009A606064236C23F0030343F001032364D1
:10AB6000002384F83C3038BD9A6822F070629A6005
:10AB70009A6822F04052B2E75A6822F40062C9E7AC
:10AB80000120EDE70120EEE7002301400100000F66
:10AB900038B50446A0B1036C43F0020303640368B4
:10ABA0009A6822F001029A609D6815F0010503D1B0
:10ABB00002F00CFE65642564002084F83C0038BD7A
:10ABC0000120FCE782B00023019390F83C30012B78
:10ABD00056D0012380F83C3003689A68D1070BD522
:10ABE0009A68D2071AD4036C43F010030364436CD1
:10ABF00043F00103436440E09A68224942F00102B5
:10AC00009A60214A1268B2FBF1F202EB4202019211
:10AC1000019A002AE4D0019A013AF8E7026C22F482
:10AC2000E06222F0010242F4807202645A68510527
:10AC300041BF026C22F4405242F480520264026C22
:10AC400012F480521CBF426C22F0060242640022C1
:10AC500080F83C206FF022021A600C4A5268D2063B
:10AC600008D19A6812F0405F02BF9A6842F08042B1
:10AC70009A6002E0064A9342F3D0002002B0704787
:10AC80000220FBE740420F001C010020002301408E
:10AC90000020014090F83C30012B14D003689A68E2
:10ACA00022F001029A609B68DB0707D4036C23F44F
:10ACB000885323F0010343F001030364002380F869
:10ACC0003C30184670470220704703689A68520566
:10ACD00070B504460D460BD59B68DE0508D5036CA0
:10ACE00043F020030364002380F83C30012070BD52
:10ACF000FFF7A2FE064623681A6891070CD56FF08D
:10AD000012021A60226C42F4007222649A6812F0F5
:10AD1000405F17D00020EAE7681CEDD065B92368D2
:10AD20001B6813F00203E6D1226C84F83C3042F039
:10AD3000040222640320DAE7FFF77EFE801BA842AC
:10AD4000EDD8D8E7227E002AE4D1DA6A12F4700F37
:10AD500002D09B685A05DDD4236C23F480732364EE
:10AD6000236CDB04D6D4236C43F001032364D1E7C6
:10AD70000368D86C70470000F7B50023019390F882
:10AD80003C30012B054600F08680012380F83C30E2
:10AD900008682B688E68092884B233D904EB440212
:10ADA000DF681E3A4FF0070C0CFA02FC27EA0C078A
:10ADB000DF60DF6806FA02F23A43DA604968062982
:10ADC00001EB81022DD8596B053A1F26964021EAE6
:10ADD00006015963596B04FA02F20A435A632F4A77
:10ADE00093420AD1122837D12D4B5A6822F400021F
:10ADF0005A605A6842F480025A60002085F83C008C
:10AE000003B0F0BD1A6900EB400C072707FA0CF7F6
:10AE100022EA07021A611A6906FA0CF616431E6145
:10AE2000CCE70C294FF01F010BD81E6B233A914041
:10AE300026EA01011963196B04FA02F20A431A6344
:10AE4000CDE7DE6A413A914026EA0101D962D96A2A
:10AE500094400C43DC62C2E7124B984201D01128A7
:10AE6000CBD10F4B5A6822F480025A605A6842F4E0
:10AE700000025A600B4B9842BFD10B4B0B4A1B6828
:10AE8000B3FBF2F30A2253430193019B002BB4D08E
:10AE9000019B013BF8E70220B2E700BF0020014020
:10AEA00000230140120000101C01002040420F004E
:10AEB000006C70470749CA6822F4E062030212047A
:10AEC00003F4E063120C134343F0BF6343F4003315
:10AED000CB60704700ED00E0164B30B5DC68C4F382
:10AEE0000224C4F10703251D042B28BF0423062DCB
:10AEF0004FF0FF358CBF033C002405FA03F321EA31
:10AF00000303A54022EA0502A340002843EA020306
:10AF1000ACBF00F16040084A4FEA0313B8BF00F02D
:10AF20000F00DBB2AABF00F56140135480F8003374
:10AF300030BD00BF00ED00E014ED00E0002807DBAD
:10AF4000044A4109012300F01F00834042F82130E8
:10AF5000704700BF00E100E000280CDB4309064910
:10AF600000F01F0020330122824041F82320BFF36C
:10AF70004F8FBFF36F8F704700E100E00138B0F1F1
:10AF8000807F0BD24FF0E023054A5861F02182F810
:10AF900023100020072298611A6170470120704732
:10AFA00000ED00E0002808DB4309044900F01F0021
:10AFB00001226033824041F82320704700E100E025
:10AFC000704708B5FFF7FCFF08BD704710B5044691
:10AFD00050B1437903F0FF0213B90271FFF7F5FF97
:10AFE00001236371002010BD0120FCE770B5044609
:10AFF000866DFFF721FD94F83530022B054606D00B
:10B00000802363650120002384F8343070BD2368F9
:10B010001A6822F016021A605A6922F080025A61F8
:10B02000226C0AB9A26C1AB11A6822F008021A60DE
:10B030001A6822F001021A602368186810F00100F3
:10B0400007D1E26D3F239340B360012384F835308C
:10B05000D9E7FFF7F1FC401B0528EDD92023032099
:10B06000636584F83500CEE790F83530022B03D0C5
:10B0700080234365012070470268052380F835303E
:10B08000136823F0010313600020704790F8350027
:10B0900070470000044A5169014208B502D050616E
:10B0A00002F0D6FC08BD00BF003C01402DE9F84687
:10B0B00006460F4691461D464FEA114A3368BAF1DB
:10B0C000010F39D15C6927EA0404A4B2B4FA84F40C
:10B0D0006409A14501D0002024E06A1CEFD0FFF7ED
:10B0E000ABFC089BC01AA84201D8002DE6D1BAF1EA
:10B0F000010F336818D15B6927EA03039BB2B3FAE7
:10B1000083F35B099945D9D100232022336386F864
:10B110003D2086F83E30326C86F83C3042F020020A
:10B1200032640120BDE8F8869B69DB43C3F340032A
:10B1300083F00103DBB2E5E79C69E443C4F3400418
:10B1400084F00104E4B2C4E77047000070B504461F
:10B1500008B9012070BD90F83D3003F0FF021BB923
:10B1600080F83C20FFF7F0FF242384F83D3023686B
:10B170001A6822F001021A601A6842F400421A604A
:10B180001A6822F400421A6001F09CFB3F4B65688C
:10B190009D4294BF3E4B3F4B98428CBF00230123FE
:10B1A000002BD6D12268394E51683B4BB0FBF3F3EC
:10B1B00021F03F011943B542516088BF4FF49676A4
:10B1C000116A88BF734321F03F0184BF4FF47A7640
:10B1D000B3FBF6F301330B431362D169431E2B48D3
:10B1E00021F44F41854221F0FF0132D86D0040F635
:10B1F000FC70B3FBF5F30133034242D0C3F30B03FE
:10B200001943D161D4E907301168034321F0C0012B
:10B210000B4313609168D4E9030321F40341034312
:10B2200021F0FF010B439360D4E90530D16803435B
:10B2300021F0FF010B43D360136843F00103136057
:10B2400000202023206484F83D30206384F83E00F1
:10B2500080E7A06850B905EB4505B3FBF5F3013372
:10B26000C3F30B037BB143F40043C9E719206843E0
:10B27000B3FBF0F30133C3F30B0323B143F44043B7
:10B28000BEE70423BCE70123BAE700BFA0860100A4
:10B290007F841E00FF083D0040420F00704710B53C
:10B2A000044698B10268242380F83D30136823F0E7
:10B2B00001031360FFF7F2FF0020206484F83C00D4
:10B2C00084F83D00206384F83E0010BD0120FCE7B7
:10B2D0002DE9FF4704461F4689469246FFF7ACFB1F
:10B2E00094F83D30202B054603D0022004B0BDE881
:10B2F000F08700904A49192301222046FFF7D6FE25
:10B300000028F2D194F83C30012BEED0012384F8D0
:10B310003C3023681A68D2075EBF1A6842F0010207
:10B320001A601A6822F400621A60242384F83D30FF
:10B3300000263C4B266409F0FE09E362226813688C
:10B3400043F4807313604FF001113B4600950022D7
:10B350002046FFF7ABFE236838B11B68DB0544BF0E
:10B360004FF4007323640320C0E7C3F81090FFF785
:10B3700063FB2268536952690546C3F34003C2F375
:10B3800080224FF0A00894F83D10A02901D013436B
:10B390001DD020684FF0200884F83D80436913F0E9
:10B3A000020F036843F40073036025D00023039366
:10B3B0004369039383690393039B194900951923F8
:10B3C00001222046FFF772FE88B101208EE7FFF7C9
:10B3D00033FB401BB84200D80FB984F83D80226887
:10B3E00053695269C3F34003C2F38022CBE784F868
:10B3F0003D8084F83C0079E76FF48063436108493D
:10B400000095192301222046FFF750FE0028DCD1C9
:10B410000136564592D384F83D8084F83C00D4E749
:10B42000020010000000FFFFF7B50025044600955C
:10B43000019594F83D500898202D02D0022003B0C9
:10B44000F0BD25682E68B60503D4082801D0012870
:10B450001BD1284E46F2A8173668B6FBF7F6192717
:10B460007E430196019E013E0196019E56B920231E
:10B47000266384F83D3084F83E60236C43F020035B
:10B480002364DBE7AE69B707ECD494F83C60012E87
:10B49000D4D02E68F6075EBF2E6846F001062E60F7
:10B4A0002E6826F400662E60212684F83D60102662
:10B4B00084F83E60002626646385638DE0626164E3
:10B4C0002385236B0093009B6262112B05D1B0F59D
:10B4D0002A0F02D0B0F12A4F03D12B6843F48073B6
:10B4E0002B60002084F83C006B6843F4E0636B60E1
:10B4F000A5E700BF1C010020F7B500250446009514
:10B50000019594F83D500898202D02D0022003B0F8
:10B51000F0BD25682E68B60503D4082801D001289F
:10B520001BD1374E46F2A8173668B6FBF7F6192737
:10B530007E430196019E013E0196019E56B920234D
:10B54000266384F83D3084F83E60236C43F020038A
:10B550002364DBE7AE69B707ECD494F83C60012EB6
:10B56000D4D0012684F83C602E68F6075EBF2E68B2
:10B5700046F001062E602E6826F400662E60222614
:10B5800084F83D60102684F83E60002626646385BA
:10B59000638DE06261642385236B0093638D626237
:10B5A0009BB2022B24D1202801D0102820D1009B4F
:10B5B000122B2B681DD123F480632B602B6843F47E
:10B5C00000632B604FF44072009B122B05D1B0F545
:10B5D0002A0F02D0B0F12A4F03D12B6843F48073B5
:10B5E0002B60002084F83C006B6813436B608EE78F
:10B5F0002B6843F480632B604FF4E062E4E700BF04
:10B600001C01002037B5044690F83D0000F02800EA
:10B61000282830D100292CD0002A2AD094F83C00C8
:10B62000012828D025682868C0075EBF286840F038
:10B6300001002860286820F400602860292084F830
:10B640003D00202084F83E00002020646285628D49
:10B65000E36201906B690193AB69019384F83C004C
:10B66000019B6B68616243F4E06322856B6003B009
:10B6700030BD0120FBE70220F9E737B5044690F81A
:10B680003D0000F02800282830D100292CD0002AC5
:10B690002AD094F83C00012828D025682868C007E3
:10B6A0005EBF286840F001002860286820F4006030
:10B6B00028602A2084F83D00202084F83E000020E5
:10B6C00020646285628DE36201906B690193AB69CE
:10B6D000019384F83C00019B6B68616243F4E06372
:10B6E00022856B6003B030BD0120FBE70220F9E743
:10B6F00090F83D30202B14D1282380F83D3003688A
:10B700001A68D2075EBF1A6842F001021A601A680E
:10B7100042F480621A605A6842F440725A60002013
:10B7200070470220704770477047704790F83D207F
:10B7300008B5036DD2B283B9C36C0268012B836C68
:10B7400005D1DBB21361036D0233036508BDC3F39A
:10B7500007231361036D0133F7E7036D012B03D159
:10B76000836C0268DBB2F4E7036D022B2FD1222A2F
:10B7700005D10268136843F480731360EAE7438DD0
:10B780009BB263B1212A0AD1436A026813F8011BF4
:10B7900011614362438D013B9BB24385D6E7438DE4
:10B7A0009BB2002BD2D1212AD0D10268516821F45A
:10B7B000E0615160116841F400711160202203635F
:10B7C00080F83D2080F83E30FFF7AFFFBEE703680A
:10B7D0005A69120644BF00221A61B7E770477047E2
:10B7E00037B5002301932D4B806B1B6890F83D20EB
:10B7F00046F2A811B3FBF1F323214B4301930368F5
:10B80000D2B2019941BB016C41F020010164446B4B
:10B810000CB10021E163816B09B10025CD631D6886
:10B8200025F480651D600025458504B1256501B1BD
:10B830000D65196821F00101196090F83D1060292B
:10B8400011D1202380F83D30002380F83E3003647E
:10B85000FFF7C5FF03B030BD0199013901911968A7
:10B860008905CED4D3E702F02802282A0ED1196820
:10B8700041F001011960196841F4806119600023E9
:10B88000036380F83D20FBF727FAE3E7202380F8E5
:10B890003D30002380F83E30F5E700BF1C0100205A
:10B8A00010B590F83D2090F83E30102BD9B20446E8
:10B8B0000368D2B201D0402913D1222A11D11968CC
:10B8C00021F400611960596811F4006106D1602A01
:10B8D0001EBF202284F83D2084F83E1000222263FF
:10B8E00007E002F028012829EDD10022226384F824
:10B8F0003D105A6812F400624FD05A68606B22F40F
:10B9000000625A6090F83530012B374B2BD003651D
:10B91000FFF7AAFB50B12268606B136823F00103A4
:10B920001360202384F83D30036D9847236C19077A
:10B930001FBF2268536823F4E063536094F83D30DE
:10B94000226C5207DBB20DD5282B0BD1274BE362BB
:10B95000202200232363204684F83D2084F83E30D3
:10B96000FBF78FF910BDA06B0365FFF77DFB002887
:10B97000DCD023685A69510605D51A69636A1A70C2
:10B98000636A013363622268A06B136823F00103CA
:10B990001360202384F83D30C6E794F83D106029F9
:10B9A00015D1202184F83D1022645A69520605D52C
:10B9B0001A69636A1A70636A0133636222681368E2
:10B9C00023F0010313602046FFF709FFAEE75A6931
:10B9D000500605D51A69636A1A70636A0133636297
:10B9E0002046FBF779F9A1E7E1B700080000FFFF67
:10B9F000F0B5036804465A68C66A90F83E0094F8A9
:10BA00003D1010288FB0C5B2C9B202D0402D40F011
:10BA1000DD829F69586910F0010F07D1B6F52A0F32
:10BA200002D0B6F12A4F51D10FB0F0BD96054DD5D9
:10BA3000E26AB2F52A0F0CD10122E26294F83E20AC
:10BA4000402A11D1226D52B9626C02F0FE021A61D5
:10BA5000EAE7E26AB2F12A4FF0D10822EDE7626C20
:10BA600042F00102D2B2F2E72269B2F5804F1AD158
:10BA700094F83D20212A626C11D102F0FE021A6175
:10BA8000626B0AB1D26B2AB9A26B002ACCD0D26BFE
:10BA9000002AC9D05A6842F400625A60C4E742F0F2
:10BAA0000102D2B2EBE7226D32B9626CD21102F020
:10BAB000060242F0F002CAE7226D012AB4D1626C9C
:10BAC000D21102F0060242F0F102C0E7060703D5E8
:10BAD000960501D5626CE4E7860740F1E88096059B
:10BAE00040F1E58094F83E10E26A256B94F83D0041
:10BAF0002228C9B240F0D380206D40B9402906D138
:10BB000001905A6901929B690193019B8CE7216D19
:10BB100089B92069B0F5404F0DD102915A6902925E
:10BB20009A690292029A1A6842F480721A60236D2E
:10BB30000133236578E7618D89B251B903915A6960
:10BB400003929A690392039A1A6842F400721A6087
:10BB500019E0618D89B2012949D112F5803F1BD1CD
:10BB60001A6822F480621A605A6812F400620CD0DB
:10BB70001A6822F480621A60002204925A690492C0
:10BB80009B690493049B0023D3E705925A690592AD
:10BB90009A690592059AD7E7082A1CD0202A1AD05C
:10BBA000122D0DD1012A16D11A6822F480621A6072
:10BBB000002206925A6906929B690693069BE2E769
:10BBC000102AF1D8824941FA02F2D707ECD41A6858
:10BBD00042F48062EBE71A6822F480621A60002265
:10BBE00007925A6907929A690792079AACE7618DA2
:10BBF00089B2022930D1102A03D87649D140CE0724
:10BC000015D4196821F480611960196841F4006144
:10BC1000196059680D0514D5202A1AD8072A0AD8A0
:10BC2000012A0ED15A6842F480525A6009E019681C
:10BC300041F48061ECE7A2F10801674ACA40D007ED
:10BC4000F0D4002208925A6908929B690893089BD5
:10BC500099E712F5803FE4E7196841F480611960C3
:10BC60005968090510D5202A16D8072A06D8012AAE
:10BC70000AD15A6842F480525A6005E0A2F10801E4
:10BC8000554ACA40D207F4D4002209925A6909924F
:10BC90009B690993099B76E712F5803FE8E700224C
:10BCA0000A925A690A929B690A930A9BBCE67F072B
:10BCB00040F194805E6836053FF5B6AE070600F0A9
:10BCC00004063ED550053CD5002E3DD194F83D20CC
:10BCD000258D94F83E10E06AD2B2C9B2C5B9212AC6
:10BCE00018D1082858D0202856D010F5803F53D0BE
:10BCF0005A6822F4E0625A6011232363002384F817
:10BD00003E30202384F83D302046FFF70CFD8BE6C3
:10BD1000212A05D040297FF487AE222A7FF484AE01
:10BD2000628D92B21AB95A6822F48062B5E694F82C
:10BD30003E20402A16D120460FB0BDE8F040FFF764
:10BD4000F5BC002E3FF470AE97057FF56DAE21294E
:10BD500039D1E16A94F83D20212A7FF465AE628DE5
:10BD600092B24AB1626A12F8011B19616262638D74
:10BD7000013B9BB2638557E608290DD020290BD0E3
:10BD800011F5803F08D0596821F4E0615960112312
:10BD9000236384F83E20B4E75A6822F4E0625A60D4
:10BDA0001A6842F400721A6000232022236384F888
:10BDB0003D2094F83E2084F83E30402A2046A4D10D
:10BDC000FFF7B3FC30E6402D7FF42EAEB3E700BFA3
:10BDD000EBFFFEFF140001000101000159680E0590
:10BDE0003FF522AE450600F0040140F18680500583
:10BDF00040F18380002940F0838094F83D20222A7E
:10BE00007FF412AEE06A628D92B2032A14D91A69E5
:10BE1000636A1A70636A01336362638D013B9BB28C
:10BE20006385638D9BB2032B7FF4FEAD226853685C
:10BE300023F480635360F7E5E56A022D3FF473AFA6
:10BE4000012A3FF670AF7B4A0B91126846F2A811A7
:10BE5000B2FBF1F202EB82020B920B9A013A0B92C7
:10BE60000B99D1B9226C42F0200222645A6822F464
:10BE7000E0625A601A69636A1A70636A0133636226
:10BE8000638D013B9BB26385202384F83D302046BF
:10BE900084F83E10FAF720FFC6E51A6812F4007223
:10BEA000DBD1196821F480611960596821F4E061DF
:10BEB00059601969636A1970636A01336362638D3B
:10BEC000013B9BB26385202384F83D3094F83E30DB
:10BED00084F83E20402B04D122632046FFF77EFCED
:10BEE000A2E5082801D0202801D1002300E0122378
:10BEF00023632046FFF718FC96E500293FF494AD34
:10BF000092057FF591ADE26A608D616A80B2042886
:10BF100009D15A6822F480625A601B690B70636A07
:10BF20000133636223E7608D80B203280CD1586827
:10BF3000042A20F480605860EFD0022AEDD01A68FD
:10BF400022F480621A60E8E7608D80B20228E4D1B2
:10BF5000042A33D007D8012A07D0022A2ED0186825
:10BF600040F4007004E0102AF9D1186820F48060D1
:10BF700018601B690B70616A4B1C6362638D013B27
:10BF80009BB2638523681B694B70636A2168013328
:10BF90006362638D013B9BB263854B6823F44073FE
:10BFA0004B60202384F83D3094F83E30402B4FF016
:10BFB000000384F83E3005D123638EE7186840F40F
:10BFC0008060D5E7082A90D0202A8DE7206C18B32E
:10BFD0005869002587072FD596052DD5226C02B10B
:10BFE0009D6994F83D2002F02802282A17D15A684A
:10BFF0002F0622F480625A60C5F3800154BFE268C4
:10C00000A269002381F00101C9B284F83C3092B2E8
:10C010002046FAF702FE07E59D695869DAE7002233
:10C020000C9259690C919B690C930C9B84F83C20F1
:10C03000FAE400BF1C010020C60640F1B18095055E
:10C0400040F1AE8094F83D505A6822F4E0625A60A4
:10C0500000220D925A690D921A6842F001021A608C
:10C060000D9A1A6822F480621A605A681005EDB2BF
:10C0700020D505F0F702222A4AD1A06B0268526847
:10C0800092B26285628D92B21AB1226C42F00402C1
:10C0900022645A6822F400625A60FEF7F7FF012812
:10C0A00008D0A06B794B0365FEF7DEFF10B1A06BE3
:10C0B000036D9847638D9BB213B323685A69510788
:10C0C00009D51A69636A1A70636A01336362638D02
:10C0D000013B9BB2638523685A69520609D51A69E8
:10C0E000636A1A70636A01336362638D013B9BB2BA
:10C0F0006385638D9BB21BB1236C43F004032364FF
:10C10000236C13B320460FB0BDE8F040FFF7C8BB67
:10C11000606B0268526892B26285628D92B21AB107
:10C12000226C42F0040222645A6822F400625A60CF
:10C13000FEF7ACFF0128BDD0606B544B0365FEF7E2
:10C1400093FF0028B6D0606BB2E72A2D06D1236397
:10C15000282384F83D302046FAF7A8FD94F83D30B6
:10C16000282B0CD14A4BE362202200232363204674
:10C1700084F83D2084F83E30FAF783FD54E4236BC5
:10C18000222B02D0222D7FF44FAC002320222363E8
:10C1900084F83D2084F83E302046FAF787FD43E4DA
:10C1A00001F0F701212900F0040535D1070627D554
:10C1B000560525D53DBB94F83D00628D92B2C0B2C4
:10C1C000002A3FF431AC626A12F8015B1D616262C1
:10C1D000628D013A92B26285628D92B2002A7FF43A
:10C1E00023AC29287FF420AC5A6822F480625A607C
:10C1F00028232163204684F83D30FAF769FD13E4D3
:10C20000002D3FF411AC95057FF50EAC628D92B216
:10C21000002A3FF409ACA5E5400627D5510525D5F0
:10C220003DBB94F83D20618D89B2D2B200293FF424
:10C23000FBAB1969636A1970636A01336362638DCA
:10C24000013B9BB26385638D9BB2002B7FF4ECAB0B
:10C250002A2A7FF4E9AB2268536823F48063536091
:10C2600022232363282384F83D3095E7002D3FF4F3
:10C27000DBAB92057FF5D8AB628D92B2002A3FF41A
:10C28000D3AB1A69636A1A7049E600BFE1B70008C8
:10C290000000FFFFF8B503685F695E6890F83E2014
:10C2A00017F480750446D2B206D016F480751EBF0E
:10C2B0006FF4807159610125B80506D5F10542BFBB
:10C2C0006FF4007145F002055961780536D5F10526
:10C2D00034D5608D94F83D10D4F830C0202A80B257
:10C2E000C9B25FD100285DD101F0F700212804D048
:10C2F000282957D1BCF1210F54D194F83D20E16A8F
:10C300000829D2B201D020292AD1282A28D12E4AA0
:10C31000E2625A6822F4E0625A606FF480625A6105
:10C320001A6822F480621A600023202223632046C8
:10C3300084F83D2084F83E30FAF7A3FC3A053FD557
:10C34000F3053DD523686FF4006245F008055A6196
:10C35000236C1D4325642046BDE8F840FFF7A0BAD2
:10C36000212A1BD11849E16222630021202284F88E
:10C370003D2084F83E105A6822F4E0625A606FF45F
:10C3800080625A611A6822F480621A605A69100643
:10C3900048BF19612046FAF79BFCCFE76FF4806233
:10C3A0005A61CBE76FF48061102A596145F00405AA
:10C3B00001D0402AC2D11A6842F400721A60BDE767
:10C3C000002DC5D1F8BD00BF0000FFFF90F83D0073
:10C3D0007047006C704700002DE9F341044640B3FC
:10C3E0000368DE0710D423689D075BD42368190710
:10C3F00000F19D8023685A0700F1BD80A369002BDE
:10C4000040F0248100202CE08D4B9A6802F00C0251
:10C41000042A07D09A6802F00C02082A0BD15B6844
:10C42000590208D5864B1B689A03DCD56368002B3C
:10C43000D9D1012015E06368814DB3F5803F13D158
:10C440002B6843F480332B60FEF7F6FA7C4E0546EA
:10C4500033689B03C7D4FEF7EFFA401B6428F7D973
:10C46000032002B0BDE8F081B3F5A02F04D12B6802
:10C4700043F480232B60E3E72A6822F480322A60A9
:10C480002A6822F480222A60002BDDD1FEF7D4FA3C
:10C4900006462B689F03A6D5FEF7CEFA801B6428BC
:10C4A000F7D9DDE7664B9A6812F00C0F07D09A684F
:10C4B00002F00C02082A11D15B685D020ED4604ABA
:10C4C0001368990702D5E368012BB2D1136821697B
:10C4D00023F0F80343EAC103136087E7E268594B8E
:10C4E000B2B101221A60FEF7A7FA554D06462B6835
:10C4F0009B0707D52B68226923F0F80343EAC203A0
:10C500002B6073E7FEF798FA801B0228EFD9A7E7A4
:10C510001A60FEF791FA4A4E054633689F077FF589
:10C5200065AFFEF789FA401B0228F6D998E76269E1
:10C53000444B82B10122C3F8802EFEF77DFA404EB3
:10C540000546736F9B073FF555AFFEF775FA401B25
:10C550000228F6D984E7C3F8802EFEF76DFA384E2C
:10C560000546736F9F077FF545AFFEF765FA401BE1
:10C570000228F6D974E7324B1A6C12F0805228D197
:10C5800001921A6C42F080521A641B6C03F08053C3
:10C590000193019B01272C4D2B68D8051BD5A3685F
:10C5A000274D012B27D12B6F43F001032B67FEF79B
:10C5B00043FA234E054641F28838336F9A0739D53E
:10C5C000002F3FF41BAF1E4A136C23F080531364FB
:10C5D00014E70027DFE72B6843F480732B60FEF736
:10C5E0002BFA06462B68D905D9D4FEF725FA801B0D
:10C5F0000228F7D934E7052B04D12B6F43F004034D
:10C600002B67D0E72A6F22F001022A672A6F22F0F7
:10C6100004022A67002BCAD1FEF70EFA41F28838CD
:10C6200006462B6F9B07CBD5FEF706FA801B4045CD
:10C63000F7D915E7FEF700FA401B4045BDD90FE7D3
:10C64000003802400000474200700040374DAA68A1
:10C6500002F00C02082A3ED0022B354B4FF00002AC
:10C660001A662BD1FEF7E8F906462B6899011FD40C
:10C67000D4E907321343626A43EA8213E26A43EA67
:10C680000263A26A5208013A43EA02436B60284BF4
:10C69000264D01221A66FEF7CFF904462B689A014F
:10C6A0003FF5B0AEFEF7C8F9001B0228F6D9D7E671
:10C6B000FEF7C2F9801B0228D7D9D1E6FEF7BCF9F4
:10C6C00004462B689B017FF59DAEFEF7B5F9001B74
:10C6D0000228F6D9C4E6012B3FF4ABAE6B68E269E1
:10C6E00003F4800191427FF4A4AE216A03F03F027B
:10C6F0008A427FF49EAE616A47F6C0721A40B2EB7E
:10C70000811F7FF496AEA26A520803F44031013AC9
:10C71000B1EB024F7FF48DAEE26A03F07063B3EBCE
:10C72000026F14BF012000209BE600BF00380240CA
:10C7300000004742134908B58B6803F00C03042B33
:10C740001CD0082B1CD14A684B68496813F480033D
:10C7500014BF0D480D48C1F3881118BF002302F023
:10C760003F02A1FB0001F4F7BDFB064B5B68C3F37E
:10C77000014301335B00B0FBF3F008BD0248FCE766
:10C780000248FAE70038024000127A000024F40060
:10C790002DE9F0410D46044610B90120BDE8F081B5
:10C7A000434B1A6802F007028A4228D321688F0798
:10C7B0002DD4C80740D43E4B1A6802F00702AA42A3
:10C7C00065D8226851076BD4130707D5394A216908
:10C7D000936823F4604343EAC1039360FFF7AAFF21
:10C7E000344B354A9B68C3F30313D35CD840334BB7
:10C7F0001860334B1868FEF7D5F80020CEE7CAB2B0
:10C800001A701B6803F007038B42C6D1CEE7294B91
:10C8100011F0040F1EBF9A6842F4E0529A600E07AE
:10C8200042BF9A6842F460429A609A68A06822F017
:10C83000F00202439A60BCE762681E4B012A1CD1D9
:10C840001B6813F4003FA8D01A4EB36823F003030B
:10C850001343B360FEF7F0F841F288380746B36837
:10C86000626803F00C03B3EB820FA4D0FEF7E4F888
:10C87000C01B4045F3D9032090E7911E01291B6896
:10C8800002D813F0007FDEE713F0020FDBE7EAB215
:10C890001A701B6803F00703AB427FF47EAF90E78A
:10C8A0000449E0688B6823F4E05303438B608BE713
:10C8B000003C024000380240A07101081C01002029
:10C8C000F0000020044B054A9B68C3F38223D35C2D
:10C8D000034A1068D8407047003802409871010838
:10C8E0001C010020044B054A9B68C3F34233D35C10
:10C8F000034A1068D8407047003802409871010818
:10C900001C010020704710B50446002855D0436A2A
:10C91000002B4ED14268B2F5827F00D0C361002364
:10C92000A36294F8513003F0FF0223B984F8502039
:10C930002046FFF7E7FF2168A068A269022384F878
:10C9400051300B6823F040030B60636800F404402F
:10C9500003F482730343E06800F40060034320693A
:10C9600000F002000343606900F00100034302F499
:10C9700000700343E06900F038000343206A00F0D0
:10C9800080000343A06A00F4005003430B60636A15
:10C99000120C03F0100302F004021A434A60CB6940
:10C9A00023F40063CB6100200123606584F85130DB
:10C9B00010BD0023C0E90433B1E70120F8E7704758
:10C9C00010B5044680B10268022380F85130136824
:10C9D00023F040031360FFF7F2FF0020606584F846
:10C9E000500084F8510010BD0120FCE770477047EB
:10C9F000036870B5DD681E69B10704460DD5AA0746
:10CA00000BD56FF002021A61012202779B699B0726
:10CA100069D000F0F8FD00232377710710D56A076D
:10CA20000ED523686FF004021A61022222779B69F7
:10CA300013F4407F20465CD000F0E5FD002323770F
:10CA400033070FD528070DD523686FF008021A6148
:10CA500004222277DB699907204650D000F0D3FDED
:10CA600000232377F20610D5EB060ED523686FF06E
:10CA700010021A6108222277DB6913F4407F2046F6
:10CA800043D000F0C0FD00232377F00708D5E90765
:10CA900006D523686FF001021A61204600F090FD70
:10CAA000320608D52B0606D523686FF080021A617E
:10CAB000204600F09EF8700608D5690606D5236862
:10CAC0006FF040021A612046FFF791FFB20622D5AF
:10CAD000AB0620D523686FF0200220461A61BDE81E
:10CAE000704000F085B800F08CFD2046FFF77EFF17
:10CAF00091E700F086FD2046FFF778FF9EE700F003
:10CB000080FD2046FFF772FFAAE700F07AFD20467D
:10CB1000FFF76CFFB7E770BD1D4A036890420ED067
:10CB2000B0F1804F0BD0A2F57C42904207D002F5C5
:10CB30008062904203D002F58062904208D14A6838
:10CB400023F070031343CA6823F4407313430AE0CD
:10CB5000104A9042F7D002F580629042F3D002F57D
:10CB600080629042EFD04A6923F0800313438A68C1
:10CB7000C2620A688262064A904204BF0A6902637E
:10CB8000026842F0040202600122426103607047C1
:10CB9000000001400040014010B5044630B390F859
:10CBA0003D3003F0FF021BB980F83C2001F086FA0B
:10CBB0000223206884F83D30211DFFF7ADFF0123DB
:10CBC00084F84630002084F83E3084F83F3084F802
:10CBD000403084F8413084F8423084F8433084F89F
:10CBE000443084F8453084F83D3010BD0120FCE726
:10CBF00070477047026802F10C0353E8003F23F4CA
:10CC000090730C3242E8003102680029F2D102F13F
:10CC1000140353E8003F23F0010302F1140C4CE825
:10CC200000310029F3D1036B012B0BD102F10C036E
:10CC300053E8003F23F0100302F10C0C4CE80031E4
:10CC40000029F3D1202380F842300023036370478A
:10CC50000268C16838B5136923F440530B4313616C
:10CC6000054683680069D168034368690343E8693E
:10CC700021F4164121F00C0103430B43D3605369A7
:10CC8000A96923F440730B4353611F4B9A4203D0AD
:10CC900003F580639A4224D1FFF724FEEA69192143
:10CCA000B2F5004FD5E90043A0FB01011CD1DA1811
:10CCB0004FF0000545EB0503F4F714F96422B0FBCF
:10CCC000F2F102FB1103DB003233B3FBF2F303F0AA
:10CCD00007025B0002EB011203F4F8731344A36034
:10CCE00038BDFFF7EFFDD9E79A009B0FF4F7FAF88C
:10CCF0006422B0FBF2F102FB11031B013233B3FBE0
:10CD0000F2F303EB0113EAE700100140F7B5054623
:10CD10000C4617461E462A68136834EA030301D1FD
:10CD2000002021E0701CF7D0FDF786FEC01B864274
:10CD30001CD3DEB12B68DA685107ECD5802CEAD021
:10CD4000402CE8D01A681207E5D5002401941A682F
:10CD500001925B6801932846019BFFF74BFF082374
:10CD60006B6485F84040012003B0F0BD0320FBE771
:10CD7000704710B5044648B390F8413003F0FF0205
:10CD80001BB980F84020FFF7F3FF2268242384F8C2
:10CD90004130D36823F40053D3602046FFF758FF97
:10CDA00023681A6922F490421A615A6922F02A0211
:10CDB0005A61DA6842F40052DA600020202360648D
:10CDC00084F8413084F84230606310BD0120FCE7F4
:10CDD00010B5044668B390F8413003F0FF021BB968
:10CDE00080F84020FFF7C4FF2268242384F84130F4
:10CDF000D36823F40053D3602046FFF729FF23684C
:10CE00001A6922F490421A615A6922F022025A6188
:10CE10005A6942F008025A61DA6842F40052DA6054
:10CE200000202023606484F8413084F8423060633D
:10CE300010BD0120FCE7704710B50446A0B10268A0
:10CE4000242380F84130D36823F40053D360FFF7E4
:10CE5000F2FF0020606484F8400084F8410084F808
:10CE600042002063606310BD0120FCE72DE9F84318
:10CE7000984690F84130202B04460E4617463FD185
:10CE800000293FD0002A3DD021230025456480F8A9
:10CE90004130FDF7D1FDA368A784B3F5805F8146DB
:10CEA000E78403D123690BB935461E46E38C9BB258
:10CEB00053B943464A4640212046FFF727FF202327
:10CEC00050B984F841300AE043464A468021204662
:10CED000FFF71CFF28B1202384F841300320BDE870
:10CEE000F88322684EB935F8023BC3F30803536058
:10CEF000E18C013989B2E184D8E716F8013BF6E705
:10CF00000220ECE70120EAE790F84130202B10D115
:10CF100089B182B1C2840162828401680023212226
:10CF2000436480F84120CA6842F08002CA60184613
:10CF30007047022070470120704708B5806B0023BE
:10CF4000C38501F057FB08BD704790F84230222B93
:10CF500007B542D181680268836AB1F5805F3FD12D
:10CF6000016900293FD15268C2F3080223F8022B5D
:10CF70008362C38D013B9BB2C385002B2DD1026818
:10CF8000D16821F02001D160D16821F48071D16095
:10CF9000516921F001015161202280F84220436350
:10CFA000026B012A026828D1036302F10C0353E8E3
:10CFB000003F23F0100302F10C0C4CE80031002973
:10CFC000F3D11368DB0605D501911368019353680B
:10CFD0000193019B818DFFF7B7FF03B05DF804FB60
:10CFE00039B9016929B95268D2B21A70836A01331A
:10CFF000BEE7526802F07F02F7E701F0F5FAECE7CE
:10D0000003681A6873B51607D9685D69044608D1C4
:10D01000960668D58D0666D502B0BDE87040FFF76C
:10D0200094BF05F0010001F4907505435BD0D6076D
:10D0300005D5CD0542BF636C43F00103636453071C
:10D0400004D518B1636C43F002036364960704D5FA
:10D0500018B1636C43F004036364150707D501F04E
:10D06000200303431EBF636C43F008036364636CD7
:10D07000002B32D0920604D58B0602D52046FFF74E
:10D0800064FF26687369626C03F0400302F00802D3
:10D0900053EA0205204622D0FFF7ACFD73695E0615
:10D0A00018D5226802F1140353E8003F23F040032F
:10D0B000143242E800310029F3D1E06B50B1774BD4
:10D0C0000365FDF7D1FF40B1E06B036D02B0BDE831
:10D0D00070401847204601F08DFA02B070BD01F093
:10D0E00089FA6564F9E7206B012840F09B80D5063A
:10D0F00040F19880C80640F19580002201921A689C
:10D1000001925A680192019A5A69A18D520656D528
:10D11000E06B0268526892B2002A47D0914245D92A
:10D12000E285C269B2F5807F36D003F10C0252E885
:10D13000002F22F4807203F10C0040E80021002946
:10D14000F3D103F1140252E8002F22F0010203F19F
:10D15000140040E800210029F3D103F1140252E841
:10D16000002F22F0400203F1140040E800210029C2
:10D17000F3D1202284F84220216303F10C0252E80B
:10D18000002F22F0100203F10C0040E800210029DA
:10D19000F3D1E06BFDF72AFF02236363E38DA18DDA
:10D1A000C91A89B22046FFF7CFFE96E7914294D183
:10D1B000C369B3F5807F90D102236363F2E7E28D08
:10D1C000E08D80B292B2002887D0891A89B20029F6
:10D1D00083D003F10C0252E8002F22F4907203F185
:10D1E0000C0545E800200028F3D103F1140252E8B1
:10D1F000002F22F0010203F1140545E80020002869
:10D20000F3D1202284F84220206303F10C0252E87B
:10D21000002F22F0100203F10C0545E80020002841
:10D22000F3D1C9E7160628D50D0626D594F8412076
:10D23000212A7FF452AFA168226AB1F5805F17D12D
:10D240002169A9B932F8021BC1F3080159602262B1
:10D25000E28C013A92B2E284002A7FF43EAFDA68AF
:10D2600022F08002DA60DA6842F04002DA6034E7E5
:10D27000511C216212785A60EAE750067FF52DAF03
:10D280004A067FF52AAFDA6822F04002DA602023EE
:10D2900084F84130204601F0AAF91EE73BCF000890
:10D2A00090F84030012B11D00268242380F84130DF
:10D2B000D36823F00C0343F00803D360202380F8E5
:10D2C0004130002380F840301846704702207047F4
:10D2D00090F84030012B11D00268242380F84130AF
:10D2E000D36823F00C0343F00403D360202380F8B9
:10D2F0004130002380F840301846704702207047C4
:10D3000090F8412090F8420010437047C2850023F6
:10D31000828502694364222380F842308162036877
:10D320001AB1DA6842F48072DA605A6942F0010296
:10D330005A61DA6842F02002DA600020704770B566
:10D3400090F84260202E07D141B13AB10024046325
:10D35000FFF7DCFF204670BD0220FCE70120FAE762
:10D36000836810B504462BB1032201469847002379
:10D37000C4E9023310BD00001B4B984221D0B0F12C
:10D38000804F20D0A3F57C4398421ED003F58063E4
:10D3900098421CD003F5806398421AD003F59A3363
:10D3A000984218D003F58063984216D003F5806345
:10D3B000984214D04FF6FF734FF6FF72934210D18C
:10D3C000FEE70023F8E701207047022070470320A2
:10D3D00070470420704705207047062070470720DB
:10D3E00070470020704700BF00000140816D70B59C
:10D3F00004460846FFF7C0FF0546084600F096FDC4
:10D40000084A002342F8253004F16406E36004F181
:10D41000B405B54204D0103D2846F8F7F7FEF8E70A
:10D42000204670BDF4500020F8B504460846FFF7CA
:10D43000A3FFA26D0D4602B1FEE71C49A56504F1EC
:10D440000C0341F820300E23C4E91732E46028466B
:10D4500000F0DCFC04F1640604F1B4073046103639
:10D46000FFF77EFFBE42F9D10023C4E900334FF637
:10D47000FF72C4E90C33C4E90E33C4E91033C4E9C4
:10D480000632C4E90833A36084F82C30A36484F81E
:10D490004C3084F84D30636180232561A36204F130
:10D4A0001000BDE8F840FFF777BB00BFF450002044
:10D4B00010B5074C206810B10430FFF799FAA06945
:10D4C00020B1BDE810400430FFF792BA10BD00BF94
:10D4D000F4500020034B186810B10430FFF788BAED
:10D4E000704700BFF4500020034B586810B104305F
:10D4F000FFF77EBA704700BFF4500020034B9868D6
:10D5000010B10430FFF774BA704700BFF450002028
:10D51000034BD86810B10430FFF76ABA704700BFF8
:10D52000F4500020034B186910B10430FFF760BAC3
:10D53000704700BFF4500020034B586910B104300D
:10D54000FFF756BA704700BFF4500020034BD8696C
:10D5500010B10430FFF74CBA704700BFF450002000
:10D560000022C0E90022C0E902227047F8B5044653
:10D570000E4600F1640500F1B40728461035FFF7A8
:10D58000EFFFBD42F9D100232046A3653146FFF7E6
:10D590004BFF2046F8BD826810B50AB906F000F9C5
:10D5A000BDE81040C368184708B500B9FEE700F0B1
:10D5B0002BFC0068C36E13B16430FFF7ECFF08BDAD
:10D5C000FFF7F2BF10B500B9FEE7037F013B072B61
:10D5D00010D8DFE803F004140F100F0F0F1201240E
:10D5E00000F012FC240100686434204483680BB10D
:10D5F000FFF7D1FF10BD0324F2E70424F0E7022473
:10D60000EEE7FFF7DFBFFFF7DDBF02F021BD02F05D
:10D6100027BD00000A490346086810B50344EFF32C
:10D620000882934205D9074B0C221A604FF0FF3055
:10D6300010BD054A054C121B9342F4D20B60F7E76C
:10D64000F4000020D4540020000002200004000058
:10D650004FF0FF3070474FF400534B60002070478D
:10D66000012070470020704700207047FEE700004F
:10D67000024B16221A604FF0FF307047D45400203E
:10D680000120704786B00023052853D8DFE800F05A
:10D6900003111E2B38450093274B28481A6B42F084
:10D6A00001021A631B6B03F001030093009B06B099
:10D6B00070470193204B22481A6B42F002021A6312
:10D6C0001B6B03F002030193019BF0E702931A4BDB
:10D6D0001C481A6B42F004021A631B6B03F004032C
:10D6E0000293029BE3E70393134B17481A6B42F034
:10D6F00008021A631B6B03F008030393039BD6E72E
:10D7000004930D4B11481A6B42F010021A631B6B05
:10D7100003F010030493049BC9E70593064B0C48E0
:10D720001A6B42F080021A631B6B03F080030593AF
:10D73000059BBCE70020BAE7003802400000024029
:10D740000004024000080240000C024000100240A9
:10D75000001C024008B5044900F01EFBC0F3C430B1
:10D76000122800D9FEE708BD88760108A0F5805090
:10D770000138022800D9FEE7014B53F8200070471A
:10D780004C71010802680D4B9A4282B00BD1002304
:10D7900001930B4B5A6C42F480725A645B6C03F435
:10D7A00080730193019B074B1868C30403D4064997
:10D7B00002B000F0B7BA02B0704700BF00200140CD
:10D7C000003802401001002088760108084B0168EB
:10D7D0005A6A42F480725A625A6A22F480725A6219
:10D7E000044A914202BF5A6C22F480725A64704714
:10D7F0000038024000200140F0B599B004464822AC
:10D800000E4606A8002103F098FC1022002102A871
:10D8100003F093FC0023E204ADF80230019361D5DC
:10D8200041F203039C425DD83A4B06932046FFF732
:10D830009DFF07270546082E65D00A2E66D0062EC6
:10D840000CBF4FF0407300234FF48032CDE9072323
:10D85000314A0023CDE90933CDE910238DF830306A
:10D860008DF838300F938DF84830169314938DF857
:10D8700054302A4B012606A80B960D961C60FDF726
:10D88000E1F800283AD1CDE9047002A906A8CDE953
:10D890000256FDF771FA002830D106A8FDF792F97B
:10D8A00060BB0A2106A8FDF710FA38BB06A8FDF7F1
:10D8B000FFFA830505D506A8FDF75AFA80B2ADF840
:10D8C000020006A8FDF7E6F9C0B906A8FDF760F961
:10D8D000A0B9134A536823F440035360BDF8020013
:10D8E00080B20CE00F49204600F034FA01A90690FE
:10D8F0002046FFF72FFF069B054613B9002019B0FD
:10D90000F0BD012797E74FF000739DE74FF080735C
:10D910009AE700BF002001400100000F1001002025
:10D920000023014088760108F8B51349134F0646D5
:10D9300000F010FAFFF720FD57F82030054673B9C4
:10D94000B420FFF762FE0C490446304600F002FAAC
:10D9500001462046FFF70AFE57F825301C601C6878
:10D9600044B12046FFF742FD2046B421BDE8F8400F
:10D97000FFF74DBEF8BD00BF3C740108F450002015
:10D98000FDF75AB8704708B5FDF74AF8FDF719FBDF
:10D99000FFF7F8FF08BD704784B0114B00220192D9
:10D9A000196C41F080511964196C01F0805101919A
:10D9B00001990292596C41F480415964596C01F407
:10D9C00080410291029903921A6B42F480521A63C9
:10D9D0001B6B03F480530393039B04B0704700BF99
:10D9E000003802400C4BD3F8FC20D2015EBFD3F8C4
:10D9F000FC2042F08072C3F8FC20084B00225A60E1
:10DA00001A6842F001021A6000BF00BF00BF5868E8
:10DA1000B0FA80F04009704700ED00E0001000E02F
:10DA200008B5FFF7B9FFFFF7DDFFFCF7DFFFFFF7F2
:10DA3000B2FF01F003FBBDE808400148FDF7C6BA9C
:10DA4000140100200023C0E90033C0E9023370470D
:10DA50000023012803F101020AD11422DBB253434F
:10DA6000054A181D1044816829B11A4413691847E2
:10DA700040081346EDE77047145100200120FDF7E0
:10DA800009BB0220FDF706BB0420FDF703BB0820FD
:10DA9000FDF700BB1020FDF7FDBA08B52020FDF70B
:10DAA000F9FA4020FDF7F6FA8020FDF7F3FA4FF47B
:10DAB0008070FDF7EFFABDE808404FF40070FDF705
:10DAC000E9BA38B506244FF48065A8B2FDF7E2FA4A
:10DAD000013C4FEA4505F8D138BD0000344A1046F4
:10DAE00008B5062300F8043BFFF7ACFF072302F15B
:10DAF00018001375FFF7A6FF082302F12C0082F827
:10DB00002830FFF79FFF092302F1400082F83C30E4
:10DB1000FFF798FF0A2302F1540082F850301721D2
:10DB2000FFF790FF02F1680082F86410FFF78AFFA8
:10DB300002F17C0082F87810FFF784FF02F1900078
:10DB400082F88C10FFF77EFF02F1A40082F8A0108B
:10DB5000FFF778FF02F1B80082F8B4102821FFF730
:10DB600071FF02F1CC0082F8C810FFF76BFF02F1E1
:10DB7000E00082F8DC10FFF765FF02F1F40082F8A4
:10DB8000F010FFF75FFF02F5847082F80411FFF7D1
:10DB900059FF02F58E7082F81811FFF753FFBDE8A8
:10DBA000084002F5987082F82C11FFF74BBF00BFB8
:10DBB0001451002038B5054CA4F5A075143C201D67
:10DBC000F8F724FBAC42F9D138BD00BF5452002015
:10DBD000431C04D00C3151F80C3C5A1C01D10020DC
:10DBE0007047834201F10C01F5D10120704700001C
:10DBF000F8B5441C07460D4600D1FEE700F00F02C1
:10DC0000474BC0F3031053F82240FFF73BFD94FA53
:10DC1000A4F2B2FA82F2034603218068520001FAAC
:10DC200002F294FAA4F1B1FA81F120EA020049006B
:10DC300003228A40024305F007069A60032E03D8A8
:10DC4000DFE806F0696B3603FEE7032294FAA4F1DD
:10DC5000B1FA81F118684900032707FA01F120EAB7
:10DC6000010094FAA4F1B1FA81F149008A40013E21
:10DC70000243012E1A6005D85A6829074CBF224377
:10DC8000A2435A6094FAA4F2B2FA82F2D96894FAE2
:10DC9000A4F452000320B4FA84F4C5F3011500FA89
:10DCA00002F2640021EA0202A5401543DD60F8BDDE
:10DCB000C5F306217F2901D10222C7E7380716D50F
:10DCC000220A92FAA2F0B0FA80F05F6A92FAA2F207
:10DCD00080004FF00F0CB2FA82F20CFA00F09200C2
:10DCE00027EA000001FA02F202435A62E4E794FADA
:10DCF000A4F2B2FA82F2186A92000F2707FA02F22F
:10DD000020EA020094FAA4F2B2FA82F29200914060
:10DD100001431962D0E7002298E7012296E700BF8D
:10DD200058710108431C06D17047834202D18968AB
:10DD3000FFF75EBF0C310B685A1CF6D1FEE70B688B
:10DD40005A1C01D100207047834201D148687047B6
:10DD50000C31F4E7431C01D0FFF7F1BF00207047FE
:10DD60004B6813B94FF0FF307047834201D1086808
:10DD700070470C31F4E708B1FFF7F2BF4FF0FF3006
:10DD8000704703460868421C00D17047984201D191
:10DD9000886870470C31F5E7431C01D0FFF7F1BFED
:10DDA000704703468B42084604D01BB100290CBFC4
:10DDB00018460020704700001049D1F8883043F41D
:10DDC0007003C1F888300E4B1A6842F001021A60E5
:10DDD00000229A601A6822F0847222F480321A605B
:10DDE000084A5A601A6822F480221A604FF43F02EF
:10DDF000DA604FF000638B60704700BF00ED00E019
:10DE00000038024010300024043870473F4B9842DD
:10DE100088B01BD1002300933D4B5A6C42F00102A5
:10DE20005A645B6C03F001030093009B394B9842EA
:10DE30001BD100230593364B5A6C42F480325A644E
:10DE40005B6C03F480330593059B4CE0B0F1804F8D
:10DE50001BD1002301932E4B1A6C42F001021A646D
:10DE60001B6C03F001030193019B2B4B98421BD1C8
:10DE700000230693264B5A6C42F400325A645B6CC2
:10DE800003F400330693069B2DE0244B98421BD1EC
:10DE9000002302931E4B1A6C42F002021A641B6CA0
:10DEA00003F002030293029B1D4B98421BD10023F7
:10DEB0000793174B5A6C42F480225A645B6C03F44C
:10DEC00080230793079B0EE0164B98420DD1002349
:10DED00003930F4B1A6C42F004021A641B6C03F09C
:10DEE00004030393039B08B070470F4B98429DD1E6
:10DEF00000230493064B1A6C42F008021A641B6C50
:10DF000003F008030493049BEDE700BF0000014009
:10DF1000003802400040014000440140000400403D
:10DF20000048014000080040000C0040204B98428F
:10DF30000DD1204A536C23F0010353641E4B9842C9
:10DF40000DD11C4A536C23F4803353647047B0F1F5
:10DF5000804F0CD1174A136C23F001031364174B45
:10DF600098420CD1134A536C23F40033EDE7144B61
:10DF700098420CD10F4A136C23F002031364114B27
:10DF80009842E3D10B4A536C23F48023DDE70E4B18
:10DF9000984205D1074A136C23F0040313647047B9
:10DFA0000A4B9842CAD1034A136C23F00803F5E7E1
:10DFB00000000140003802400040014000440140A0
:10DFC000000400400048014000080040000C0040F0
:10DFD000431C21D0184B984221D00BD8A3F50063E5
:10DFE00098421ED003F5806398421CD0B0F1804F58
:10DFF0001BD0FEE7114B984219D008D8A3F58843EF
:10E00000984214D003F58043984212D0F1E70C4BAC
:10E010009842EED11A2070476FF00D007047322001
:10E0200070471D2070471E2070471C207047192024
:10E0300070471820704700BF000C004000440140AA
:10E0400000480140431C21D0194B984221D010D8E0
:10E05000A3F5784398421ED007D8B0F1804F1CD06A
:10E06000A3F5806398421AD0FEE7124B984218D06D
:10E07000FAE7114B984216D003F58063984214D00A
:10E08000A3F500639842EFD1182070476FF00D00A0
:10E0900070471B2070471E2070471C2070471D20B2
:10E0A000704732207047192070471A20704700BF10
:10E0B00000000140000C00400044014038B5044617
:10E0C0000068FFF7A3FEFFF783FFD4E91312FCF704
:10E0D00003FF2068FFF77CFFFCF730FF2268104643
:10E0E000FFF7B0FF05461046FFF772FF85420BD0E1
:10E0F0002846D4E91312FCF7EFFE2068FFF7A2FFD1
:10E10000BDE83840FCF71ABF38BD00000246006881
:10E1100084B0D8B12A4B98421AD103F59433596A86
:10E1200041F010015962596A21F010015962002131
:10E130000191596C41F0100159645B6C03F01003BC
:10E140000193019B2523A2F86430012004B070479D
:10E150001C4B984217D103F5FA33196A41F4003188
:10E160001962196A21F40031196200210291196CB7
:10E1700041F4003119641B6C03F400330293029BD9
:10E180004FF49373DFE7104B984217D103F59233A6
:10E19000596A41F020015962596A21F020015962FF
:10E1A00000210391596C41F0200159645B6C03F02C
:10E1B00020030393039B40F24723C4E70020C5E7F5
:10E1C0000010014000440040001401402DE9F74FC9
:10E1D0008B4692460193814620B90025284603B01C
:10E1E000BDE8F08F4749406DFFF7B4FD464905464D
:10E1F000D9F85800FFF7AEFD44490646D9F85C004F
:10E20000FFF7A8FD42490446D9F86000FFF7A2FDD8
:10E210000746002DE1D0D9F85820013201D0002E58
:10E22000DBD0D9F85C20013201D0002CD5D0D9F850
:10E230006020013201D0002FCFD031462846FFF7B1
:10E24000B0FD0246C9F8000028B90146FFF7A9FD54
:10E250000246C9F8000021461046FFF7A2FD3946E4
:10E26000C9F80000FFF79DFDC9F800000028B4D0F0
:10E270002449D9F85400FFF755FD26B12249D9F8B1
:10E280005800FFF74FFD4846FFF740FF09F104082B
:10E29000054634B11D49D9F85C00FFF743FD4FF442
:10E2A000807437B11A49D9F8600044F40074FFF75C
:10E2B00039FD99F86510174A019B42F82180D9F879
:10E2C000002099F96400C9F80CA0C9E9012B0C9A47
:10E2D000C9F810200C22C9E906240022C9F814301C
:10E2E000C9F820200121FCF7F7FD40463EB9FEF7B2
:10E2F0006FFD002814BF002505F001056EE7FEF74D
:10E3000038FDF6E7F4730108AC730108887301085F
:10E310006473010854520020036810B50446002BB2
:10E3200030D090F86520012A10D0022A2BD0D2B923
:10E330001B4B596A41F010015962596A21F01001D2
:10E340005962596C21F0100159640CE0144B196AA0
:10E3500041F400311962196A21F400311962196C13
:10E3600021F4003119640F4B53F82200FEF764FDCD
:10E370000D4B94F8652093F86510914204BF032279
:10E3800083F8652010BD064B596A41F0200159629F
:10E39000596A21F020015962596C21F02001D3E71C
:10E3A0000038024054520020200100201FB50C4AC2
:10E3B0000C4B92680C4953F822402046FFF7CAFCE8
:10E3C000002350B109481A4644654FF41651CDE96F
:10E3D0000233CDE90033FFF7F9FE04B010BD00BFF2
:10E3E0000C77010834770108F4730108200100203C
:10E3F00008B5074B90F8652053F82200FEF780FF20
:10E4000000F02200A0F122035842584108BD00BF8D
:10E410005452002008B5074B90F8652053F82200AD
:10E42000FEF76EFF00F02100A0F121035842584191
:10E4300008BD00BF545200202DE9F843294D06467F
:10E440000C46FCF7F9FA95F86530022B074614D80C
:10E4500095F86520244B53F82250A5F10408404656
:10E46000FFF7D8FF002836D14FF47A73A2B23146B5
:10E470002846FEF7FBFC50B90AE01C4A1C4B926888
:10E480001C4953F822804046FFF764FCE0B90024A1
:10E490002046BDE8F88359F8232052B1154940467B
:10E4A000FFF758FC95F8653059F82320126882422E
:10E4B0000ED00133DBB2022B85F86530EBD9FFF7C4
:10E4C00075FF0028C4D1E2E7DFF81C900023F2E7D3
:10E4D000022BBDD9F3E7FCF7AFFAC01BB0F57A7F8A
:10E4E000BDD3D4E720010020545200200C7701084E
:10E4F00034770108F473010870B50E46054610B96B
:10E500004FF0FF3070BDFFF773FF04460028F7D1CE
:10E510002946012211F8663F337095F86500034BD8
:10E5200053F82000FEF70BFF2046EBE75452002083
:10E5300038B50D460446B8B1FFF75AFFA0B994F9B3
:10E540006400E564FCF708FD94F86500074B04F1EE
:10E55000660153F820000122FEF7F1FE94F96400F1
:10E56000BDE83840FCF7EABC38BD00BF545200207B
:10E5700038B515460446B8B1016590F96400FCF75A
:10E58000EBFCE36EB4F8761094F8650013FA81F1B1
:10E59000064BAAB253F82000FEF7B6FC94F96400CB
:10E5A000BDE83840FCF7CABC38BD00BF545200205B
:10E5B00048B1836D013306D190F86520024B53F8C2
:10E5C0002200FEF76DBE70475452002048B1836DA3
:10E5D000013306D190F86520024B53F82200FEF774
:10E5E00077BE704754520020836C04381847C36CC0
:10E5F0000438184730B5044650F804391D6815F042
:10E60000010585B012D0002200921A6800925B6862
:10E610000093009BFFF7ECFE40BB012204F1620176
:10E62000204605B0BDE83040FEF789BE196811F0FC
:10E63000020106D001951A6801925B680193019B63
:10E64000E8E71A6812F0040206D002911A680292F2
:10E650005B680293029BDDE719680907DAD503922C
:10E660001A6803925B680393039BD3E705B030BD40
:10E6700008B52520FCF796FC024B1868BDE8084059
:10E68000FEF7BEBC5452002008B52620FCF78AFCD9
:10E69000034B586818B1BDE80840FEF7B1BC08BD8F
:10E6A0005452002008B54720FCF77CFC024B9868C8
:10E6B000BDE80840FEF7A4BC54520020C0F3031389
:10E6C000052B98BF074A00F00F0098BF52F823208F
:10E6D000054B88BF002253F8203009B19361704781
:10E6E0001B04FBE7F800002058710108C0F3031376
:10E6F000052B02D900231B69FFDE074A00F00F003B
:10E7000052F82320054B126953F8203093430CBF75
:10E7100001200020704700BFF80000205871010858
:10E7200038B5056872B600212846FFF761FA62B66F
:10E730007C24022001F072FC2846FFF7D7FF08B3C3
:10E7400072B600212846FFF7B9FF01212846FFF7DE
:10E750004FFA62B64FF4F07001F060FC72B600211F
:10E760002846FFF745FA462001F058FC2846FFF7F7
:10E77000BDFF80F00104E4B262B64FF4CD7001F049
:10E780004DFC03E0013C14F0FF04D2D1204638BD1B
:10E7900011F0010110B5046815D072B600212046B1
:10E7A000FFF78CFF01212046FFF722FA0A2001F033
:10E7B00035FC01212046FFF781FF62B63720BDE816
:10E7C000104001F02BBC72B62046FFF777FF012105
:10E7D0002046FFF70DFA412001F020FC01212046E0
:10E7E000FFF76CFF62B60520E9E710B5046872B662
:10E7F00001212046FFF7FCF900212046FFF75EFFCC
:10E80000032001F00BFC00212046FFF7F1F90A205C
:10E8100001F004FC2046FFF769FF044662B635208C
:10E8200001F0FCFB204610BD2DE9F041044688466E
:10E8300015460827012608EA0601003918BF0121FC
:10E840002046FFF7A5FF7600013FF6B2F3D14DB9A0
:10E8500072B620682946FFF7CBF920682946FFF7F2
:10E860002DFF62B6BDE8F081F8B507460826002501
:10E8700001243846FFF7B9FF43422340013E4FEAE7
:10E88000440445EA0305E4B2F3D12846F8BD70B567
:10E8900000220C4655210646FFF7C6FF651E0734C9
:10E8A00015F8011F00223046FFF7BEFFA542F7D141
:10E8B00070BD0022CC21FFF7B7BF00230382837411
:10E8C0008360C3607047000038B50C4605460021E0
:10E8D000204601F0C1FA232C0AD80E4B53F82430FD
:10E8E0002B6000236B602846BDE83840FFF7E5BF8A
:10E8F00004F0C003C02B0AD1C92C08D8064B04F081
:10E900003F0453F82420034B53F82230E8E74FF03C
:10E91000FF33E5E7347701080C7701082DE9F84F5C
:10E92000867C04468A4615461EB9FFF7F9FE8046E6
:10E9300020B900202082A074BDE8F88F65B332466C
:10E94000F0212046FFF770FF002746464546BB46AC
:10E950002046FFF74AFF81462046FFF746FFB9F100
:10E96000010F1CD101282CD1402DE2D984F810B020
:10E97000BBF1000F01D10123A374237A002BD8D05F
:10E98000E31D0AF1FF310F3413F8012F01F8012FB5
:10E990009C42F9D10120CFE72A46EC21D1E7E319C7
:10E9A00048B9227CAA420BD91A7A164209D1082DFD
:10E9B00098BF6574AB461A7A22EA06021A7205E01D
:10E9C000F5D1E219C146137A334313724946204602
:10E9D0007600FFF7DDFE013516F0FF06EDB2B7D188
:10E9E0000137FFB2082FBFD04646B1E710B5094C3A
:10E9F0000246014400208A4200D110BD12F8013BBA
:10EA0000434003F00F0004EB1313205C1B7C5840C1
:10EA1000F1E700BFB0710108054A4FF01061C0E98D
:10EA200000120022FF21C0E90222C0E9061270474D
:10EA30000101010009220023C270034AC160037072
:10EA400042600372704700BF0101010010B5034628
:10EA50000C46FFF7E1FF18462146FFF7EBFF10BD1C
:10EA600043781BB18078002101F054BA7047437895
:10EA70001BB18078012101F04DBA70470878422817
:10EA80000FD8272806D8102818BF22280CBF01202D
:10EA900000207047044B2838C0B2C34003F0010087
:10EAA00070470020704700BF0100080410B50C46F5
:10EAB00020460721FFF79AFFE3791B1A5842584175
:10EAC00010BDF8B5C379934204460F46154615D9D3
:10EAD000C068FFF7F2FE0026E06801223946FFF722
:10EAE0001DFF58B1F3B29D4204D139462046FFF7CD
:10EAF000DDFF20B90136F3B2AB42EDD90020F8BDFD
:10EB0000C079704738B504460D46C068FFF708FE67
:10EB1000E0688DB9FFF7CDFE0022B421E068FFF771
:10EB200083FEE068FFF761FE0546E068FFF7F8FD49
:10EB3000B5FA85F0400938BD2946FFF7A8FEEBE796
:10EB40000A44914201D10120704711F8013B002B8A
:10EB5000F7D00020704770B50446C0680E461546D1
:10EB6000FFF7DEFDB8B13146E068FFF790FEE068E0
:10EB70000022BE21FFF758FE6E1E0835E068FFF741
:10EB800073FE06F8010FAE42F8D1E068FFF7C8FD4A
:10EB9000431E5842584170BD38B505461446FFF72C
:10EBA000DAFF68B1092221462846FFF7C9FF40B9BC
:10EBB00008212046FFF71AFF237A1B1A58425841B2
:10EBC00038BD0020FCE738B50446C0680D46FFF7A5
:10EBD000A7FD98B1E06895B9FFF76BFE2278E06871
:10EBE0004821FFF721FE23786BB9142001F008FAC1
:10EBF000E068FFF795FD431E5842584138BD29464D
:10EC0000FFF745FEEAE72046FFF72AFF142001F050
:10EC1000F7F92046FFF72BFFEAE770B504460D46EB
:10EC2000C0681646FFF77CFDE0682946FFF72FFE17
:10EC3000E06800224E21FFF7F7FDB178E06800227E
:10EC4000FFF7F2FDF178E0680022FFF7EDFD2B7889
:10EC5000102B04D03179E0680022FFF7E5FDA3799D
:10EC60002BB129462046BDE87040FFF7ACBFE068F5
:10EC7000BDE87040FFF754BD1FB50B78102B0C4654
:10EC800017D001AAFFF788FF78B122789DF80830E5
:10EC90003B2A01D11A060CD45F2B0CD007D81F2BAE
:10ECA0000BD03F2B14BF00200A2004B010BD7F2BD7
:10ECB00005D10C20F9E70B20F7E70920F5E7002044
:10ECC000F3E773B5044603250026E068FFF7F5FD7A
:10ECD000E6712672322001F093F9E068012269465C
:10ECE000FFF71CFE38B9E3791BB9013D15F0FF05AC
:10ECF000EBD102B070BD69462046FFF7D7FE002871
:10ED0000EBD0E3790133E37169462046FFF7B6FEA5
:10ED10000028E2D0237A0133237223782BB92046CE
:10ED2000FFF7F0FE08B10123237069462046FFF784
:10ED3000A3FFE378834238BFE070CEE7F0B51D460D
:10ED40000B78102B85B004460F4616464CD001AA0E
:10ED5000FFF722FF00284AD00C2E28BF0C26092ED0
:10ED600038BF0926A6F10A03022B9CBF730103F1E9
:10ED7000FF339DF8082094BFDBB21F239A420ED1C7
:10ED8000ADB9E379E670012B07D9E068FFF795FD8F
:10ED90000025E279EBB29A420ED8012509E001AADA
:10EDA000394620468DF80830FFF737FFE8E7284658
:10EDB0000546284605B0F0BDE3780C2BEDD0E068A1
:10EDC000012201A9FFF7AAFD60B101A92046FFF7C2
:10EDD0006DFE38B101A92046FFF74EFFE37883426C
:10EDE00038BFE0700135D4E7002DD6D1C9E7002D3A
:10EDF000DFD0DDE70C2937B528BF0C21092938BF42
:10EE00000921C1700446C068FFF757FD0025E2796B
:10EE1000EBB29A4201D803B030BDE06801226946E6
:10EE2000FFF77CFD50B169462046FFF73FFE28B151
:10EE3000E278012369462046FFF780FF0135E6E7C7
:10EE400010F5DC5FC6BF00EE100ABAEEEC0A9FEDCB
:10EE5000010A70470000FEC20938C0B202289ABFFA
:10EE6000024B33F8100040F2EE207047D0710108D9
:10EE70000171704708B5C068FFF7B7FC431E5842E0
:10EE8000584108BD70B504461546637908467BB104
:10EE900023786BB940F2ED262046FFF7EBFFA8B9C7
:10EEA00001F0ACF8401BB04210D800F0E3FEF3E7ED
:10EEB000FFF7D2FF05462046FFF7D2FD284601F0B6
:10EEC0009FF82046BDE87040FFF7D1BD70BD38B552
:10EED0000C46012303600546C868FFF721FCE06883
:10EEE000FFF7E7FC2278E0684421FFF79DFC01F082
:10EEF00085F82379686002461BB1E1782046FFF768
:10EF0000C1FF284638BD000030B592F901300978BC
:10EF1000264C5578002BA8BF00243B29137819D123
:10EF200092F90400002815DAD8070BD59378D90791
:10EF300038D49A0738D413F0040F1D4B1D4818BF5E
:10EF4000184630BDDB0003F4FC6343EAC52343EA03
:10EF50000400F6E7D80040EAC520282940EA04006A
:10EF600010D1502B07D1052DEBD19279124B0C2AE1
:10EF700008BF1846E5E7FF2BE3D1104B072D08BF6C
:10EF80001846DEE71029DCD1D1790029D9D0937950
:10EF90000B4A02EAC002CB1A203ADB0193FBF1F3E1
:10EFA0001344D4E70748CCE70748CAE70000F8FF56
:10EFB0000082FFFF80E4FFFF8082FFFF0083FFFFEE
:10EFC00080FF07000081FFFF8081FFFFF0B504464E
:10EFD00085B00D461646002701AA29462046FFF7B0
:10EFE000DBFD30B101AA29462046FFF78DFF05B0B1
:10EFF000F0BD0137FBB29E42EED20148F7E700BFF9
:10F0000080E4FFFF08B5FFF7E1FFBDE80840FFF728
:10F0100017BF000013B50A4669460446FFF751FDC5
:10F0200030B1002269462046FFF7ECFF02B010BD68
:10F030009FED010AFAE700BF0000FEC210B594B0D0
:10F040001422002109A802F078F81422002103A854
:10F0500002F073F800231E4A0193116C41F08051B5
:10F060001164126C02F080520192019A194A0293C3
:10F07000116841F4404111601268022402F44042D8
:10F080000E20CDE90E4302924FF4A873CDE9100390
:10F09000029A0894012110224FF0040C082308A8BA
:10F0A000CDE90B12CDE912C3FDF796F900B1FEE7E9
:10F0B0000F23CDE903344FF48053CDE9063005909A
:10F0C000032103A8FDF764FB00B1FEE714B010BDF7
:10F0D000003802400070004090F810017047B0F80E
:10F0E0000831B0F80421981A00F03F007047B0F8DA
:10F0F0000831B0F804219BB293421ABFD0F8FC301B
:10F10000985C4FF0FF30704790F80631B0F80A0174
:10F11000C0B2834227BFC3F13F03C018C01A00F139
:10F12000FF30704707B503688DF807105B68012250
:10F130000DF10701984703B05DF804FB13B50DF11D
:10F1400007010446FFF7D8F988B9B4F87430B4F869
:10F150007020013303F03F03934208D0B4F87420C9
:10F16000A16E9DF8070092B28854A4F8743002B0E2
:10F1700010BD0000B0F87620816F11FA82F202F023
:10F180003F0210B5A0F87620B0F87610B0F87220E3
:10F1900089B28A421AD0B0F87640B0F87610A4B29C
:10F1A0004032121B544289B204F03F0402F03F0285
:10F1B000C1F1400158BF62428A4228BF0A468267B5
:10F1C0000349FFF7D5F94FF0FF3010BD0020FCE7F1
:10F1D00075F100082DE9F843036804469B688846EA
:10F1E0001646984701232374D4F8EC30B4F806711E
:10F1F00001338146C7F1400709D194F8113133B189
:10F20000002384F8113104F19400FFF7D1F9236849
:10F2100020469B6898470028F9D03546BD4225D83E
:10F220004D4523D8B4F80631D4F800015A19402AC4
:10F23000184430D82A46414602F03DF82F46B4F82B
:10F2400006311D4405F03F05A4F8065104F194056C
:10F250002846FFF7DFF830B91649C4F80C713A4672
:10F260002846FFF785F93046BDE8F8834F45236807
:10F2700028BF4F463A4641465B6820469847236878
:10F2800020469B689847ED1BB844B4F80671814648
:10F29000C7F14007C2E7C3F140073A46414602F0D2
:10F2A0000AF8D4F80001EA1B08EB070102F003F8A2
:10F2B000C5E700BF75F10008C0F8F030009BC0F84A
:10F2C000F430914208BF4FF0FF3100F11403C0E960
:10F2D0003A21C0F8FC3000F154020023A0F80831B4
:10F2E000C0E94023A0F80A317047000073B54FF41D
:10F2F0007A750026C0E901653D4D0560CDB2232D2C
:10F30000069C25D83B4E56F8255001F4E061294370
:10F31000D5B2232D30D8374E56F8255002F4E0628E
:10F320002A43DDB2232D3BD8324E56F8255003F444
:10F33000E0632B43E5B2232D46D82E4E56F82550D8
:10F3400004F4E0642C430094FFF7B6FF02B070BDF4
:10F3500001F0C006C02E0CD1C92D0AD8264D01F0EF
:10F360003F0601F4E06155F82660224D55F826501D
:10F37000CDE74FF0FF31CBE702F0C006C02E0CD135
:10F38000C92D0AD81C4D02F03F0602F4E06255F880
:10F390002660184D55F82650C2E74FF0FF32C0E7FF
:10F3A00003F0C006C02E0CD1C92D0AD8124D03F0AF
:10F3B0003F0603F4E06355F826600E4D55F82650DD
:10F3C000B7E74FF0FF33B5E704F0C006C02E0CD10D
:10F3D000C92D0AD8084D04F03F0604F4E06455F83E
:10F3E0002660044D55F82650ACE74FF0FF34AAE7ED
:10F3F000CC770108347701080C770108037C70B5DD
:10F4000004460D46A3B1FBF717FB0646B4F80621E8
:10F41000B4F80A319BB29A420AD0002DF8D0FBF71B
:10F420000BFB801B8542F1D8B4F80A31A4F80631F1
:10F4300070BD10B50023044680F810314FF47A7186
:10F44000FFF7DCFF04F19400FEF766FFB4F8043127
:10F45000A4F8083110BD0021FFF7D0BFCBB2232B99
:10F4600008D80E4A52F8233001F4E0611943C0F87D
:10F47000EC10704701F0C002C02A0CD1C92B0AD889
:10F48000074B01F03F0201F4E06153F82220034BE7
:10F4900053F82230EAE74FF0FF31E8E7347701080C
:10F4A0000C770108CBB2232B08D80E4A52F8233030
:10F4B00001F4E0611943C0F8E810704701F0C002A0
:10F4C000C02A0CD1C92B0AD8074B01F03F0201F426
:10F4D000E06153F82220034B53F82230EAE74FF063
:10F4E000FF31E8E7347701080C77010873B54FF472
:10F4F0007A7316460022C0E901231D4B03604FF0CA
:10F50000FF33C0F8EC301B4B984204460D4615D132
:10F51000C321FFF7A3FFC221FFF7C4FF012E4FF065
:10F52000FF3308BFC4F8EC3000932046D4E93A21F9
:10F530004FF0FF33FFF7C0FE02B070BD0E4B0F4916
:10F540009A680F4B53F82200FEF704FC854202D163
:10F55000C3212046DDE70B492846FEF70CFC07498E
:10F56000C4F8EC002846FEF706FCC4F8E800D5E72E
:10F57000CC770108605200200C770108F473010871
:10F5800034770108AC730108D0F8EC30013310B5C2
:10F5900004460ED10368DB68984794F8113143B9EB
:10F5A000012384F8113104F19400BDE81040FFF705
:10F5B0000DB810BD7FB502F00F03022B05461446AF
:10F5C0000CD05E1E734273419B0204F47062B2F56C
:10F5D000407F06D0B2F5806F05D0FEE74FF4C063E0
:10F5E000F3E743BBFEE71A1E18BF01221203E87CB3
:10F5F000A5F81241C5F814110390A87C0290687C0C
:10F60000019004F0F004A4F130004442444105F1BB
:10F610009406640300943046FEF7D8FD85F8100187
:10F6200058B12846FFF7B0FF0549304604B0BDE8A1
:10F630007040FEF77DBF0022D9E704B070BD00BF67
:10F640003DF1000810B50446FFF79EFFB4F808210D
:10F65000B4F8043192B29A421FBFD4F8FC20D05CB7
:10F66000013303F03F0314BFA4F804314FF0FF301F
:10F6700010BD0000024903480022FFF737BF00BF5A
:10F6800000440040605200202DE9F04106460D463E
:10F690008F180C46BC4202D1601BBDE8F081336874
:10F6A000A0461B6818F8011B304698470028F3D085
:10F6B0004446EFE770B505460C46084649B1F0F7F9
:10F6C00079FD2B680246214628465B68BDE87040FC
:10F6D000184770BD08B5FFF7EDFF08BD03688A68DD
:10F6E0005B680968184708B5FFF7E4FF08BD0368C1
:10F6F0001B68184708B50249FFF7DCFF08BD00BFCB
:10F700007962010838B50546FFF7D4FF044628465C
:10F71000FFF7F0FF204438BD38B50546FFF7DEFFA0
:10F7200004462846FFF7E6FF204438BDFFF7EABF4E
:10F7300070B50D46144630B1461E012E05D811464F
:10F740002846FEF779FE204670BD03685B6898473F
:10F75000F9E7F0B58BB00023012A0C468DF8243070
:10F7600098BF0A2209A9B4FBF2F602FB1645EBB2D8
:10F77000092D274694BF30333733DBB2BA4201F844
:10F78000013D3446EFD9FFF795FF0BB0F0BD2DE9F1
:10F79000F04107460E4614462AB90368BDE8F04119
:10F7A0001B68C9B218470A2A05D1002905DBBDE844
:10F7B000F041FFF7CEBFD2B2F9E72D21FFF797FF57
:10F7C0002246054671423846FFF7C3FF2844BDE88C
:10F7D000F081FFF7DCBF38B50546FFF7D8FF0446D8
:10F7E0002846FFF787FF204438BD10B42AB90268C5
:10F7F0005DF8044B1268C9B210475DF8044BD2B2F1
:10F80000FFF7A7BFFFF7F1BF38B50546FFF7EDFFDC
:10F8100004462846FFF76EFF204438BD38B505463C
:10F82000FFF7E3FF04462846FFF764FF204438BD96
:10F830002DE9F84F55EC104B0E1E074622462B467D
:10F8400020462946B8BF0226F1F768F938B14C497D
:10F850003846FFF72FFF80464046BDE8F88F25F079
:10F860000049484B4FF0FF3220464946F1F756F920
:10F8700048B9444B4FF0FF3220464946F1F730F982
:10F8800008B94149E4E7414B4FF060422046294620
:10F89000F1F73AF908B13E49DAE73E4B4FF06042E2
:10F8A00020462946F1F712F90028F4D1002200235E
:10F8B00020462946F1F70AF900285AD02D2138466A
:10F8C000FFF715FF05F1004382461D463249DFF878
:10F8D000D0904FF0000B00204FF000085FFA8BF340
:10F8E000B3420BF1010B46DB02460B46204629468C
:10F8F000F0F7C4FC0D460446F1F726F98046F0F710
:10F90000F9FD02460B4620462946F0F7B5FC0A22CF
:10F9100004460D4638464146FFF71BFF0AEB000838
:10F9200026B11E493846FFF7C5FE8044DFF870B0A7
:10F930004FF0000A013E8FD35B46524620462946CF
:10F94000F0F752FE0D460446F1F7FEF80A22014692
:10F9500081463846FFF7FDFE80444846F0F7CAFD71
:10F9600002460B4620462946F0F786FC04460D4623
:10F97000E0E78246AAE742464B46F0F75FFFADE775
:10F980007C620108FFFFEF7F80620108FFFFEF410B
:10F9900084620108FFFFEFC10000E03F4B3A01081D
:10F9A0000000244038B5044610EE100A0D46F0F76A
:10F9B000C3FD41EC100B29462046BDE83840FFF757
:10F9C00037BF38B50546FFF7EDFF04462846FFF779
:10F9D00091FE204438BD10B50446006808B100F01F
:10F9E0003FFB204610BD10B50446006808B100F08A
:10F9F00037FB0023C4E90133236010BD38B504464A
:10FA00000D460068013100F0E1FB10B1C4E90005CA
:10FA1000012038BD036810B5044613B143688B421A
:10FA200007D22046FFF7EAFF20B1A3680BB922688E
:10FA30001370012010BD70B50E46114604461546E0
:10FA4000FFF7E8FF20B92046FFF7CDFF204670BD45
:10FA50002A4631462068A56001F02DFC2268A36883
:10FA60000021D154F2E738B50023C0E90033044641
:10FA700083600D4639B10846F0F79CFB29460246E3
:10FA80002046FFF7D8FF204638BD884238B50546E6
:10FA90000C460CD0006800F0E3FA23682B60A368E2
:10FAA000AB6063686B600023C4E90133236038BD39
:10FAB000884210B50B46044604D0096821B19A6803
:10FAC000FFF7B9FF204610BDFFF78DFFFAE710B52D
:10FAD00000230446C0E900338360FFF7E9FF2046B6
:10FAE00010BD10B50446FFF7D0FF204610BD38B555
:10FAF00005460C4649B10846F0F75CFB2146024634
:10FB00002846FFF798FF284638BDFFF76CFFFAE755
:10FB1000F8B5044616460F4609B90020F8BD8AB16B
:10FB2000856815442946FFF775FF0028F5D0A368BE
:10FB3000206832461844394601F0BDFB2368A560B1
:10FB400000225A550120E9E707B501228DF8071078
:10FB50000DF10701FFF7DCFF03B05DF804FB8268DD
:10FB600008B52AB959B10878B0FA80F0400908BD43
:10FB7000006809B90078F7E7F0F712FBF4E7012015
:10FB8000F5E78368934210B506D90468A01801F020
:10FB9000DCFA08B1001B10BD4FF0FF30FBE700227C
:10FBA000FFF7EFBFF8B50F469A420C491C461546C1
:10FBB0009CBF14461D460646FFF755FFBB68A3428F
:10FBC0000AD93968AB4294BFC4EB0302C4EB050207
:10FBD00021443046FFF72FFF3046F8BD7B62010815
:10FBE00010B504681CB1013C14F8010F00B910BD38
:10FBF00001F032F92070F7E72DE9F041066805467B
:10FC0000E6B18468D4B1B046474618F8010B01F05C
:10FC10001BF90028F8D1013C3444207801F014F994
:10FC200070B9621CD21BBE42AA6003D2394630466C
:10FC300001F06AFA2A68AB680021D154BDE8F0816E
:10FC4000A742EED8013CE8E7006808B100F0FCB933
:10FC50009FED010B704700BF000000000000000096
:10FC600008B5FFF7F1FF51EC100BF0F78DFF00EE38
:10FC7000100A08BD704708B50320FBF71BF9BDE863
:10FC8000084000F0DFB908B5AFF30080F1F772F972
:10FC9000F1F7A2FBAFF30080FAE70000C0F3031214
:10FCA000052A10B503460ED8084A0020D9B252F8EA
:10FCB000044B8C4203D103F4E063184310BD0130C0
:10FCC0002428F4D1FAE72420F8E700BF34770108AC
:10FCD0000246C0B2092810B517D8254951F820109E
:10FCE00002F4E0630B43C9B223291CD903F0C0041A
:10FCF000C02C01D1C9291FD9A2F1CA03022B94BF7C
:10FD000002F637704FF0FF3015E002F0C003C02B51
:10FD1000F2D1C928F0D8164902F03F0402F4E0639A
:10FD200051F82410DEE7134850F8210003F4E06393
:10FD30001843431CE0D010BD03F03F030C4951F8B9
:10FD400023400C4B092853F8243007D851F82010D1
:10FD5000114301F4E06143EA0100EAE702F0C00068
:10FD6000C02802D102F03F00F0E74FF4E061F2E773
:10FD70000C77010834770108DFF834D0FEF71CF85F
:10FD80000C480D490D4A002302E0D458C4500433F6
:10FD9000C4188C42F9D30A4A0A4C002301E01360CC
:10FDA0000432A242FBD301F05FFAFFF76CFF704709
:10FDB00000000220000000206C030020D47A01081B
:10FDC0006C030020DC540020FEE791420FD008D9DC
:10FDD000891A01238B40984208D30130C84001386A
:10FDE000704720B10130521A9040F8E70020704768
:10FDF000431E1F2B0ED80C280DDC06280DDD08280D
:10FE00000DDD0B28B4BF0A230C23064A1060064AF6
:10FE100013607047FEE70C23F7E70623F5E7082396
:10FE2000F3E700BFA00100209C01002010B5FFF700
:10FE30004FFF431C0AD0064C2168FDF7DDFC054B43
:10FE400021681A68BDE81040FFF7BFBF002010BD51
:10FE50009C010020A0010020C3B2232B2DE9F0411A
:10FE60000D462AD8274A52F8233000F4E0641C4398
:10FE7000621C44D0244EC4F3031704F00F0856F854
:10FE8000273023FA08F3DB0710D520492046FDF779
:10FE90009FFE10B12046FDF747FD56F8273001229E
:10FEA00002FA08F223EA020346F82730052D15D896
:10FEB000DFE805F015211B1D231F00F0C002C02A3A
:10FEC0001DD1C92B1BD8124B00F03F0200F4E06497
:10FED00053F822200B4B53F82230C8E7FEE70021ED
:10FEE0002046BDE8F041FDF783BE1021F8E7202150
:10FEF000F6E70321F4E70121F2E70921F0E7BDE885
:10FF0000F08100BF34770108785300203C74010869
:10FF10000C770108C3B2232B19D8164A52F82330A4
:10FF200000F4E0601843431C10D0C0F30313052B0A
:10FF300098BF114A00F00F0098BF52F823200F4BD2
:10FF400088BF002253F8203091B19361704700F0D0
:10FF5000C002C02AFAD1C92BF8D8094B00F03F02E1
:10FF600000F4E06053F82220024B53F82230D9E726
:10FF70001B04EAE734770108F800002058710108F3
:10FF80000C770108C3B2232B19D8184A52F8233032
:10FF900000F4E0601843431C22D0C0F30313052B88
:10FFA00020D8134A00F00F0052F82320114B126999
:10FFB00053F8203093430CBF01200020704700F01D
:10FFC000C002C02A0CD1C92B0AD80B4B00F03F024B
:10FFD00000F4E06053F82220044B53F82230D9E7B4
:10FFE0000020704700231B69FFDE00BF3477010843
:10FFF000F8000020587101080C770108FDF7C0BC1B
:020000040801F1
:1000000038B5044648B1FDF7BBFC0546FFF732FEA4
:10001000FDF7B6FC431BA342F8D338BD0649074B96
:10002000074A1B68B3FBF2F310B54C6843434A68B8
:10003000121B9A42FBDB10BD001000E01C010020E7
:1000400040420F00FDF7ECBC002100F0F1BE0000C3
:10005000024B0146186800F02DB800BF1C030020B9
:10006000024B0146186801F03FB900BF1C03002095
:1000700070B50F4E0C463168054611B901F0CCF849
:1000800030602146284601F0C7F8431C03D14FF0E9
:10009000FF34204670BDC41C24F00304A042F8D0F5
:1000A000211A284601F0B8F80130F2D1EFE700BF7D
:1000B000905300202DE9F843CD1C25F003050835A9
:1000C0000C2D38BF0C25002D064601DBA94204D9B2
:1000D0000C2333600020BDE8F883DFF8D48000F003
:1000E00069F8D8F800301C4644BB29463046FFF773
:1000F000BFFF431C044658D1D8F800402746002FC4
:1001000043D1002C4BD023683946304604EB030919
:1001100001F082F8814542D121686D1A29463046A6
:10012000FFF7A6FF01303AD023682B442360D8F8AC
:1001300000305A6862BBC8F800700FE02268521B9A
:1001400020D40B2A17D96119A342256018BF596022
:10015000636808BFC8F8001062514B60304600F079
:100160002FF804F10B00231D20F00700C21A1CBF5A
:100170001B1AA350AFE76268A3420CBFC8F8002067
:100180005A60EBE723466468AEE73C467F68B6E713
:100190001A465B68A342FBD100235360DEE70C23C1
:1001A0003360304600F00CF894E70560D6E700BFF6
:1001B00094530020014801F07CB800BFD8540020BF
:1001C000014801F077B800BFD8540020024B0A461E
:1001D0000146186800F002B81C0300202DE9F04128
:1001E000074614460D4621B9BDE8F0411146FFF718
:1001F00061BF2AB901F078F825462846BDE8F081AC
:1002000002F0C2F88442064602D8B4EB500FF4D88C
:1002100021463846FFF74EFF804608B94546ECE7D1
:10022000B4422246294628BF324601F044F8294606
:10023000384601F059F8F1E770B504460D4645EC33
:10024000104B164601F062FF51EC100B7EB1C5F366
:100250000A53C3F16B03002B09DD1B0503F17F5526
:10026000002405F5401522462B46F0F7BDF941EC78
:10027000100B70BD000000002DE9F04F9DB00E4640
:1002800015920022049018924FF000084FF00009D8
:1002900017910A782B2A0D4601F101011DD00BD8C8
:1002A0000D2A06D8082AF3D87AB100230B939A4670
:1002B00083E0202AECD0F8E72D2A10D10122691C16
:1002C00017910B926A78002A37D1159B1796002B4D
:1002D00040F0958542464B462AE00022EFE7002198
:1002E0000B91302A40F09B806A7802F0DF02582A96
:1002F0005AD102930B9B019318AB0093814A049847
:1003000019AB17A901F0A2F810F00F06044605D0AA
:10031000062E14D10135002317950B93159B002B46
:1003200040F06F850B9B002BD4D0424609F100436F
:1003300043EC102B1DB0BDE8F08F0D46D1E7189AA5
:100340003AB135211AA801F0DBFF1899049801F0A1
:10035000A1FB013E042E06D8DFE806F014031E219F
:100360001400DDE91A89E00548BF49F0004929F089
:1003700000431B0D1B05002BD0D100F06FFF222383
:100380000360CBE7DDE91A83199A23F4801302F2A4
:10039000334243EA0259E6E7DFF87091E3E76FF092
:1003A00000494FF0FF38DEE7013517952B78302BE9
:1003B000FAD0002BB2D04FF0010A00272B460E973F
:1003C000BB460A21184613F8014BA4F13002092A52
:1003D00028D94D49012200F0C5FE002834D0002064
:1003E000CDE9060022465C46652A01D0452A14D193
:1003F00024B95AEA00033FF468AF0024179E731C27
:10040000179372782B2A73D02D2A77D04FF0000CD7
:10041000A2F13003092B7FD9179600239EE04FF0FD
:10042000000ACAE7BBF1080FD8BF0E9A1793DBBFCB
:1004300001FB0242303A01FB07420E92C8BFA2F113
:1004400030070BF1010BBDE7179B5A1C17925A7826
:10045000BBF1000F34D006905C46A2F13003092BAB
:1004600012D901230793BFE7179B5A1C17925A789A
:100470000130302AF8D0A2F13103082B00F2C684F3
:100480000690179D00200446303A00F1010311D078
:10049000069919440691234620440A21834203F118
:1004A00001040FD1082B18DC0E990A2303FB01234A
:1004B0000E930023179A511C179152781846CCE7D7
:1004C0005846D6E7082B04DC0E9C4C430E940133AF
:1004D000E4E7102CD8BF4F43F9E70F2BDCBF0A230A
:1004E00003FB0727E5E700210123CDE9061380E799
:1004F0004FF0000CB31C1793B27889E74FF0010C52
:10050000F8E700BF0C7801084B3A01080000F07FC3
:10051000179B5A1C17925A78302AF9D0A2F131034E
:10052000082B3FF67AAF179B0593A2F1300E0133EB
:1005300017931A78A2F1300109293CD905995B1A61
:10054000082B44F61F633CDC9E457146A8BF194644
:100550000591BCF1000F02D0059B5B420593002C76
:1005600050D15AEA00007FF4D9AE079B002B7FF4EC
:10057000ACAE692A29D026DC492A26D04E2A7FF43F
:10058000A4AEA14917A801F083F900283FF49DAE5D
:10059000179B1B78282B2FD19C491AAA17A801F06A
:1005A0008BF9052828D11B9BDDF8688043F0FF49B3
:1005B00049F4E009B2E60A2101FB0E22A2F1300E55
:1005C000B5E70593C5E76E2AD9E7914917A801F069
:1005D0005FF900283FF479AE179B8E49013B17A8BD
:1005E000179301F055F910B9179B01331793DFF8F2
:1005F00034924FF0000891E6874800F06DFE59EC08
:10060000108B8BE6DDE905320E989B1ABBF1000FCB
:1006100008BFA346102C0A93A246A8BF4FF0100AA9
:10062000EFF768FF092C8046894613DC0A9B002BF4
:100630003FF474AE0A9B73DD162B5ADC774901EB4D
:10064000C301D1E9000142464B46EFF7CDFF80469A
:10065000894663E6714B03EBCA0353E91223EFF7B4
:10066000C3FF804638468946EFF744FF02460B46F3
:1006700040464946EFF702FE0F2C80468946D5DDFD
:100680000A9BA4EB0A0A9A44BAF1000F40F3978040
:100690002AF00F061AF00F0A51D1B6F59A7F5EDCE8
:1006A0000023DFF87CA13611404649461F46012E43
:1006B00079D10BB1804689465949A9F1547901EBAA
:1006C000C70142464B46D1E90001EFF78DFF554B7C
:1006D0000A460B4054498B42804640D8A1F5801110
:1006E0008B4286BFDFF844914FF0FF3802F1547916
:1006F00032E00A9AC4F125039342C1DB474DC4F1AD
:100700000F0405EBC40142464B46D1E90001EFF767
:100710006BFF0A9B1C1B05EBC405D5E9002394E77E
:100720001633ADDBDDE905239A1A3C4B03EBC2031C
:10073000D3E9002340464946F0F780F887E7374978
:1007400001EBCA0142464B46D1E90001EFF74CFFED
:1007500080468946002EA0D100230793A0E0002404
:1007600005940E940694049ADFF8B890222313603F
:100770004FF000080E9B002B3FF4D0AD1899049861
:1007800001F088F90699049801F084F9DDE9040183
:1007900001F080F90E99049801F07CF90498214643
:1007A00001F078F9BAE5F20704D5DAE90023EFF7AA
:1007B0001BFF0123013776100AF1080A77E7CBD037
:1007C000CAF1000A4FEA2A161AF00F0A0DD11F2E9D
:1007D0002EDD002405940E940694049A22234FF0F3
:1007E00000084FF000091360C4E70C4B03EBCA0389
:1007F00040464946D3E90023F0F720F88046894671
:10080000002EA9D0E3E700BF7D620108F877010858
:1008100081620108886201087B6201088079010811
:10082000587901080000F07F0000A07CFFFFEF7FF7
:1008300016F0100318BF6A23764F079340464946C7
:100840000023F20704D5D7E90023EFF7CDFE0123FB
:10085000761007F10807F4D10BB180468946079B53
:10086000B3B1C9F30A52C2F16B03002B49460FDD45
:100870001F2B57DD342BDEBF4FF0FF33C2F14B028D
:1008800093404FF00008CCBF4FF05C7903EA0109B8
:100890000022002340464946F0F70EF9002898D17F
:1008A0000E9B0093049823465A46294601F05AF9B4
:1008B0000E9000283FF453AFDDE905239B1A0A9AF6
:1008C000002AA8BF00231293002422EAE2731493A3
:1008D00005940E9B0498596801F09EF80690002834
:1008E0003FF441AF0E9B1A69023203F10C019200F2
:1008F0000C3000F0E0FC49EC108B04981AAA19A9FE
:10090000CDE90C8901F072FC189000283FF42BAF60
:100910000498012101F0BCF90590034648B9002371
:10092000059320E74FF0FF3202FA03F303EA0808C9
:10093000AEE7199D1A9A002DABBF129B149B149E13
:10094000129FACBFEF185E1B079BED1A1544324B8C
:10095000013D9D42C2F136024FDA5B1B1F2BA2EB19
:1009600003024FF001013CDC01FA03FA4FF0000BE7
:10097000BD18079BAF4216441E443B46A8BF2B46FA
:10098000B342A8BF3346002BC2BFED1AF61AFF1AB6
:10099000129B002B16DDDDE904011A4601F038FA3E
:1009A00005900028BBD00146189A049801F086F9FA
:1009B0000F9000283FF4D7AE1899049801F06AF818
:1009C0000F9B1893002D1BDC0A9B002B26DD149A2D
:1009D0000699049801F01CFA0690F8B900230693D2
:1009E000C1E6C5F17F4505F57F0505F57B45E23597
:1009F00001FA05FB4FF0010ABAE74FF0000BF9E7E7
:100A0000189904982A4601F05FFA18900028DBD163
:100A1000A9E600BF2078010802FCFFFF002E07DDD9
:100A200006990498324601F04FFA06900028D5D076
:100A3000002F08DDDDE904013A4601F045FA059092
:100A400000283FF490AE069A1899049801F0C6FA6F
:100A5000044600283FF487AEC3680F93002305992E
:100A6000C36001F09FFA00283CDA0F9B53EA0803A9
:100A70005ED1C9F313034D46002B59D129F0004331
:100A80001B0D1B05B3F1D66F52D9636913B92369E6
:100A9000012B4DDD21460122049801F015FA05993C
:100AA000044601F07FFA002842DDAD4B079A2B4047
:100AB000002A5FD0B3F1D66F5CD8B3F15C7F7FF6CC
:100AC0008CAEA84B404649460022EFF78DFDA44B63
:100AD0000B4080468946002B7FF450AE049A2223B7
:100AE00013604BE64D4662D10F9AC9F3130342B32C
:100AF0009D4A934228D1079B4146EBB1984B2B402E
:100B0000B3F1D46F4FF0FF3219D81B0DC3F16B0353
:100B100002FA03F3994217D1944B9D4202D101315D
:100B20003FF421AE8E4B2B4003F580194FF00008A7
:100B3000079B002BC5D121E64FF0FF33EAE71346B0
:100B4000E8E753EA0803B0D0BBF1000F1BD01BEA63
:100B5000050FEDD00F9B079A40464946B3B1FFF70A
:100B60006BFBDDE90C0153EC102BEFF787FB8046A4
:100B70008946DDE7A3F580136FEA13596FEA095937
:100B80004FF0FF38D4E71AEA080FE2E7FFF754FB0B
:100B9000DDE90C0153EC102BEFF76EFB0022002374
:100BA00080468946EFF788FF0028C1D015E60599F1
:100BB000204601F073FB57EC106B00224FF080438E
:100BC00030463946EFF78CFF002870D00F9B002B82
:100BD0007BD1B8F1000F56D1C9F31303002B58D1C4
:100BE000634B002230463946EFF770FF002859D199
:100BF000604B002230463946EFF7F6FC82468B46C2
:100C00000BF10043CDF820A00993554B544A2B40DB
:100C10001393594B2A409A42DDE9086740F0B080AF
:100C2000A5F1547949EC108B01F070FADDE9082345
:100C300051EC100BEFF7D8FC42464B46EFF71EFB8A
:100C4000474D4E4A0D409542804645D90D9A474B37
:100C50009A4203D10C9B01333FF485ADDFF80C9130
:100C60004FF0FF381899049800F014FF0699049883
:100C700000F010FFDDE9040100F00CFF04982146AC
:100C800000F008FF25E6B8F1010F02D1002D3FF476
:100C9000A4AD9FED2B7BDFF8D8B08DED087B4FF036
:100CA000000AB2E7DFF8CCB04FF0000AA8E7314BFA
:100CB000002230463946EFF797FC0F9B82468B4661
:100CC000002B9DD0CDE908AB9FE79FED1F7B8DEDFD
:100CD000087B5BEC17AB98E701F15479079B002B7D
:100CE000C0D129F00043139A1B0D1B059A42B9D1BC
:100CF0005046594602F0A2FBEFF748FC02460B466D
:100D000050465946EFF7B8FA0F9AC9F3130343EA6E
:100D10000803134306460F466BD00DA3D3E9002307
:100D2000EFF7D4FE00287FF429AD0BA3D3E900230D
:100D300030463946EFF7E8FE002893D01EE500BFA5
:100D4000000000000000F0BF000000000000F03FC5
:100D50009535A094FFFFDF3F35E5AF350000E03F5C
:100D60000000F07F00005039FFFF0F00FFFFEF7F12
:100D70000000F03F0000E03F0000E07FFFFF9F7CAD
:100D8000079B13B3139BB3F1D46F1ED824A3D3E9ED
:100D9000002350465946EFF7A3FE90B159465046FE
:100DA000EFF7D2FE012838BF0120EFF7A3FB0F9B1E
:100DB00082468B46D3B901F1004310901193DDE9CF
:100DC0001067139A07F1D6639F1A9DED0C0B01F083
:100DD0009DF9304653EC102B3946EFF705FCDDE961
:100DE0000C23EFF74BFA8046894677E7CDE910AB45
:100DF000E5E70DA3D3E90023EFF768FE9CE70023A6
:100E00000B93159A179B1360FFF78CBA652A3FF472
:100E10006AAB452A3FF467AB01230793FFF7A1BBF9
:100E20000000C0FFFFFFDF419535A094FFFFCF3FDB
:100E30000A4601460248034B0068FFF71DBA00BF8F
:100E40001C030020B0010020024B0344587800F03E
:100E50000800704748780108034B1B5C03F003034C
:100E6000022B08BF2038704749780108002310B5CD
:100E70000446C0E90033C0E90433836081814366DE
:100E8000C2818361194608225C3000F056F90D4B8F
:100E900063620D4BA3620D4BE3620D4B23630D4B5D
:100EA00024629C4206D003F16802944202D0D033FF
:100EB0009C4205D104F15800BDE8104000F0F8B99B
:100EC00010BD00BF6110010883100108BB100108AC
:100ED000E110010898530020024A0349034800F03A
:100EE0006BB800BFA40100208D2A01082003002058
:100EF00041680C4B994210B5044601D001F0C6FD83
:100F0000A168094B994202D0204601F0BFFDE1687B
:100F1000064B994204D02046BDE8104001F0B6BD12
:100F200010BD00BF985300200054002068540020DA
:100F30000C4B0D4A0D4810B504211A600022FFF732
:100F400095FF0A4B01221C46092103F16800FFF7B7
:100F50008DFF04F1D0000222BDE810401221FFF7FE
:100F600085BF00BFD0540020D90E0108985300203F
:100F7000014800F09EB900BFD9540020014800F09C
:100F800099B900BFD954002010B50446FFF7F0FF0F
:100F9000236A1BB1BDE81040FFF7F0BF044B23628A
:100FA000044B1B68002BF5D1FFF7C2FFF2E700BF2F
:100FB000F10E0108D05400202DE9F8430746884679
:100FC00014460026D4E90195B9F1010905D5246834
:100FD000002CF7D13046BDE8F883AB89012B07D947
:100FE000B5F90E30013303D029463846C0470643D1
:100FF0006835E9E70CB430B5184B0C1E1D689DB080
:1010000008DA8B232B604FF0FF301DB0BDE8304075
:1010100002B070474FF40273ADF814304FF0000384
:101020001B9314BF04F1FF332346049307934FF639
:10103000FF7302900690ADF81630209A21AB02A9FA
:101040002846019301F016FA431CBCBF8B232B608A
:10105000002CDAD0029B00221A70D6E71C03002075
:1010600010B50C46B1F90E1000F0C4F80028ABBF63
:10107000636DA3891B1823F48053ACBF6365A38100
:1010800010BD2DE9F0411F468B89DB0505460C4656
:10109000164605D5B1F90E100223002200F098F88B
:1010A000A389B4F90E1023F48053A38132463B4642
:1010B0002846BDE8F04100F0BFB810B50C46B1F9C4
:1010C0000E1000F085F8B4F90C30421C0BBF23F46D
:1010D000805343F48053A381A38118BF606510BD82
:1010E000B1F90E1000F064B810B501390244904215
:1010F00001D1002005E0037811F8014FA34201D08F
:10110000181B10BD0130F2E7884210B501EB020454
:1011100002D98442234607D8431EA14207D011F8C2
:10112000012B03F8012FF8E70244824200D110BDE1
:1011300013F8011D02F8011DF7E70244034693422C
:1011400000D1704703F8011BF9E7C9B203461846FE
:1011500013F8012B12B18A42F9D17047002918BF48
:101160000020704710B56AB10139841810F8012BBE
:1011700011F8013F9A4203D1A04201D0002AF5D1D3
:10118000D01A10BD1046FCE710B50139034632B144
:1011900011F8014F03F8014B013A002CF7D11A4422
:1011A0000021934200D110BD03F8011BF9E70000B4
:1011B00038B5064D0023044608462B60FCF748FA74
:1011C000431C02D12B6803B1236038BDD4540020E6
:1011D00038B5074D04460846114600222A601A46D3
:1011E000FCF740FA431C02D12B6803B1236038BDE1
:1011F000D454002038B5074D044608461146002255
:101200002A601A46FCF730FA431C02D12B6803B15E
:10121000236038BDD454002038B5064D0023044661
:1012200008462B60FCF7F6F9431C02D12B6803B18A
:10123000236038BDD454002038B5074D0446084615
:10124000114600222A601A46FEF772FA431C02D1A8
:101250002B6803B1236038BDD4540020014B1868BB
:10126000704700BF1C03002070B50D4B0D4D5B1B7C
:101270009C100026A64209D102F096FA0A4D0B4BAB
:101280005B1B9C100026A64205D170BD55F8043B9F
:1012900098470136EEE755F8043B98470136F2E7E8
:1012A000887A0108887A0108887A0108BC7A0108DE
:1012B0007047704770470A44914200F1FF3300D1F4
:1012C000704710B511F8014B03F8014F9142F9D165
:1012D00010BD0000000000009FED010B704700BF33
:1012E000000000000000F87F38B50546002941D015
:1012F00051F8043C0C1F002BB8BFE418FEF75AFF4E
:101300001D4A136833B9636014602846BDE838404D
:10131000FEF756BFA34208D9206821188B4201BFAF
:1013200019685B6809182160EDE71A465B680BB124
:10133000A342FAD911685018A0420BD12068014489
:10134000501883421160E0D118685B68536008440C
:101350001060DAE702D90C232B60D6E72068211849
:101360008B4204BF19685B68636004BF0918216081
:101370005460CAE738BD00BF945300200369B3EB43
:10138000611F2DE9F0434FEA611200F1140445DDBD
:1013900011F01F0104EB830604EB82050CD100F170
:1013A00010072946B14234D39B1A9B00EA1E96428D
:1013B00038BF0023234415E054F82270C1F12008FF
:1013C000CF4005F1040EA1467645F44615D89A1A89
:1013D0009200043A0135AE4238BF0022A318A7504C
:1013E00007B104331A1BA3424FEAA20208BF00232D
:1013F000026108BF4361BDE8F083DCF800C00CFA6D
:1014000008FC4CEA070749F8047B5EF8047BCF40F0
:10141000DAE751F804CB47F804CFC3E72346E1E706
:10142000A0F13003092B02D82038C0B27047A0F1D8
:101430006103052B01D84738F7E7A0F14103052BDD
:1014400001D82738F1E70020704700002DE9F04F60
:1014500085B08A4602930B68019090469C1CA14679
:1014600014F8010B3028FAD0A9EB0303A3F1020B07
:10147000FFF7D6FF0546002868D1A049012248465B
:10148000FFF770FE0746002867D199F8010026464D
:10149000FFF7C6FF002862D0234618783028994607
:1014A00003F10103F9D0FFF7BBFFB0FA80F56D0936
:1014B0004FF0010B4A46164601323078FFF7B0FF75
:1014C0000028F8D18D4901223046FFF74BFE002855
:1014D0003FD144B9741C2246164601323078FFF7DA
:1014E0009FFF0028F8D1A41BA700337803F0DF0387
:1014F000502B3ED173782B2B33D02D2B34D0711C35
:1015000000240878FFF78CFF431EDBB2182B30D87D
:10151000A0F1100211F8010FFFF782FF00F1FF3C6C
:101520005FFA8CFCBCF1180F4FF00A031ED904B10E
:1015300052421744CAF80010EDB1BBF1000F0CBFC6
:1015400006250025284605B0BDE8F08F00252C466D
:10155000B0E7002CC7D12746C7E74E462F460125E6
:10156000C3E70024B11CCCE70124FBE703FB020026
:10157000CEE73146DEE7A6EB0903013B2946072B00
:101580000ADC019800F048FA044640B95C4B024678
:10159000E4215C4801F0A2FA01315B10EFE700F1B1
:1015A000140A002355469B46B14537D345F804BB82
:1015B000A5EB0A05AD102561584600F01DFB6D0135
:1015C000D8F800602D1AB54254DDAD1B29462046DF
:1015D00000F0B9FE814678B16B1E591103F01F026D
:1015E0005AF821104FF0010909FA02F20A4203D019
:1015F0004B4536DC4FF0020929462046FFF7BEFE78
:101600002F44D8F80830BB4242DA0198214600F056
:1016100041FA0E9A00231360A32593E716F8012DD3
:101620002E2A12D0202B04D145F804BB4FF0000B1A
:101630005B4630780393FFF7F3FE039B00F00F0047
:1016400098404BEA000B0433AEE7B145EAD82B498A
:10165000039301223046FFF785FD039B0028E1D16B
:10166000A2E7A91E204600F06EFE0028C2D04FF06F
:101670000309C1E709DA751B214601982A4600F0E3
:1016800023FC7F1B044600F1140A4FF00009B8E761
:10169000D8F80450BD426FDDED1BAE4234DCD8F803
:1016A0000C30022B22D0032B24D0012B15D1AE42BB
:1016B00013D1012E0BD1029AD8F804301360012304
:1016C0002361CAF800300E9B62251C603AE7711E48
:1016D000204600F038FE0028EDD10198214600F0A8
:1016E000D9F90E9A0023136050252BE70F9B002B8E
:1016F000F3D1E0E70F9B002BDDD1EEE74B3A010879
:1017000094620108A56201086F1EB9F1000F30D183
:1017100027B13946204600F016FE81467A11012392
:101720005AF8222007F01F07BB40134229462046E3
:1017300018BF49F00209FFF721FED8F80470761BA4
:101740000225B9F1000F47D0D8F80C30022B15D084
:10175000032B17D0012B09D119F0020F06D0DAF8AC
:10176000003049EA030919F0010F0ED145F01005C8
:1017700032E04FF00109D1E70125E2E70F9BC3F109
:1017800001030F930F9B002BF0D0D4F810B004F19D
:1017900014034FEA8B0A03EB8B014FF0000C184641
:1017A00053F8042BB2F1FF3F1BD001320260022D2F
:1017B00004F114033CD1D8F80020013AB24209D117
:1017C0007111012253F8213006F01F0602FA06F6C5
:1017D0001E423AD145F020050E9B1C60029B1F6003
:1017E000B0E6994243F804CCD9D8A3689B4517DBEF
:1017F00061680198013100F00FF9814618B91A4B60
:1018000002468421C5E62269023204F10C019200ED
:101810000C30FFF750FD2146019800F03BF94C4693
:1018200023695A1C04EB8303226101225A61BEE73B
:1018300022695A450BDD01212046FFF79FFDD8F8AC
:1018400008300137BB42FFF6E0AE0125C2E716F0D3
:101850001F06FAD05344C6F1200653F8040C00F0DA
:10186000CBF9B042E7DBF0E794620108C2F108026D
:10187000920070B5C2F120064368046803FA06F5C9
:101880002C43D340046040F8043F8842F4D370BD39
:1018900030B50368013311F8014B14B9036001201E
:1018A00030BD13F8012BA2F14105192D98BF20324C
:1018B000A242F0D00020F3E72DE9F04F0B68016859
:1018C0005E1102EB860613F01F0387B018BF0436C3
:1018D0000025371F82469046019346F8045CB946BE
:1018E0003C460295AB464A784B1C039342B31046E4
:1018F00005910492FFF794FD002853D1049A0599AD
:10190000202A18D8029B9B4513DD4C4506D2072D93
:1019100004DC2A4649462046FFF7A8FF444554D92F
:101920000023A4F1040944F8043CCDF808B04C4667
:101930001D460399D7E7292A59D10231CAF8001068
:10194000BBF1000F53D04C4506D2072D04DC2A46CC
:1019500049462046FFF78AFF444538D9A8F10402DA
:10196000234653F8041B42F8041F9F42F9D23B1B45
:1019700023F003030134033EB44288BF002308F17F
:101980000402134400211A4604339F421160FAD224
:101990003B681BB9474528D101233B60052007B0B0
:1019A000BDE8F08F0135082D0BF1010B06DD444534
:1019B000BFD9002344F8043C0125043C226800F010
:1019C0000F0040EA02102060B3E70825B1E7019B51
:1019D000002BDDD0C3F120034FF0FF32DA4056F880
:1019E000043C134046F8043CD2E7043FD0E704200F
:1019F000D5E782B001B901A942B14BB113780B60B0
:101A00001278101E18BF012002B070471046FBE785
:101A10006FF00100F8E7000070B5C46905460E4696
:101A200084B91020FEF714FB0446E86128B9024689
:101A3000164B17486B2101F051F80023C0E9013320
:101A40000360C360E36853B921220421284601F0F2
:101A500063F8EB69E060DB680BB9002070BD53F8F8
:101A6000260030B1026843F826200023C0E9033382
:101A7000F4E7012101FA06F4621D9200284601F004
:101A80004BF80028E9D0C0E90164EEE72F630108B4
:101A90004663010870B5C66905460C4676B9102044
:101AA000FEF7D6FA0246E86120B9094B09488F21B2
:101AB00001F014F8C0E901660660C6603CB1EB694C
:101AC0006268DB6853F82210216043F8224070BD41
:101AD0002F630108466301082DE9F0410D690746AF
:101AE0000C461E4601F1140C0020DCF8003099B2BF
:101AF00002FB01611E0C0B0C02FB063389B20130A4
:101B000001EB034185424CF8041B4FEA1346ECDC21
:101B10000EB3A368AB4219DC616838460131FFF7A8
:101B20007BFF804628B902460C4B0D48BA2100F0D5
:101B3000D5FF2269023204F10C0192000C30FFF74C
:101B4000BAFB21463846FFF7A5FF444604EB850360
:101B500001355E6125612046BDE8F081946201088F
:101B6000466301082DE9F8430C4615461F46092235
:101B70000833064693FBF2F3002101229A4209DB67
:101B80003046FFF749FF40B90246194B1948D321A7
:101B900000F0A4FF52000131F0E7089B4361092DDA
:101BA0004FF00103036116DD04F10908C1462C441E
:101BB00019F8013B0146303B0A223046FFF78CFF03
:101BC000A145F5D1A844A8F108042D1B63199F4233
:101BD00004DCBDE8F8830A340925F6E714F8013B74
:101BE0000146303B0A223046FFF776FFEEE700BFA2
:101BF0009462010846630108B0F5803F034636BF92
:101C0000030400201020B3F1807F3CBF1B0208308A
:101C1000B3F1805F3CBF1B010430B3F1804F3CBF88
:101C20009B000230002B05DB13F0804F00F1010018
:101C300008BF202070470368024613F007000BD04E
:101C4000D90721D4980749BF5B089B08012013607E
:101C50005CBF13600220704799B209B91B0C1020B9
:101C6000D9B209B908301B0A190704BF1B0904308F
:101C7000990704BF9B080230D90703D45B0800F121
:101C8000010003D013607047002070472020704788
:101C900010B50C460121FFF7BFFE024628B9054BDF
:101CA000054840F2451100F019FF0123446103612A
:101CB00010BD00BF94620108466301082DE9F04F92
:101CC000D1F81090D2F810A0D14585B088461446BE
:101CD00004DB53460C46CA4690469946A3686168A1
:101CE0000AEB0906B342B8BF0131FFF795FE30B9E0
:101CF0000246454B45484FF4B17100F0EFFE00F14C
:101D0000140505EB86072B460022BB421FD304F1C6
:101D1000140C08F114010CEB8A0301EB8902029206
:101D20001A1B153A22F0030215349C4288BF002288
:101D30000192029A03918A420CD8002E03DD57F8D3
:101D4000043D002B5DD0066105B0BDE8F08F43F87F
:101D5000042BDAE7B1F800A0BAF1000F24D0E04676
:101D6000A9464FF0000E58F8042BD9F800401FFA8E
:101D700082FBA4B20AFB0B444FEA124BD9F80020B5
:101D800074444FEA124E0AFB0BE202EB1442A4B277
:101D900044EA0244434549F8044B4FEA124EE2D864
:101DA000019AAA18C2F804E0039AB2F8028004313A
:101DB000B8F1000F23D02A68E6469146AA464FF0B4
:101DC000000BBEF8004008FB04B404EB194492B2C7
:101DD00042EA04424AF8042B5EF8042BDAF8009039
:101DE0004FEA124B1FFA89F208FB0B2202EB144256
:101DF00073454FEA124BE4D8019C2C1962600435FC
:101E000097E7013E99E700BF946201084663010825
:101E10002DE9F843174612F0030280460D4607D01D
:101E2000264C013A002354F82220FFF755FE0546C0
:101E3000BF103FD0D8F81C4094B91020FEF708F925
:101E40000446C8F81C0030B902461D4B1D4840F23C
:101E5000B31100F043FE0023C0E901330360C36007
:101E6000A66846B940F271214046FFF711FF0023F2
:101E7000A060064603602C464FF0000907F00103FE
:101E80007F1053B1294632464046FFF717FF2146DF
:101E900005464046FFF7FEFD67B1306838B9324667
:101EA00031464046FFF70AFF3060C0F80090064612
:101EB0002C46E3E72846BDE8F88300BF4C790108CB
:101EC0002F630108466301082DE9F84F0C46496865
:101ED000236903EB6218A368074615464FEA621AA6
:101EE00008F101094B450BDB3846FFF795FD064627
:101EF00048B90246294B2A484FF4EF7100F0EEFD35
:101F000001315B00EEE7002300F1140C00F1100238
:101F10001946534535DB22692AEAEA7A0CEB8A0C2A
:101F200004F1140315F01F0E614603EB82022CD05E
:101F3000CEF1200A002518688B4600FA0EF02843DF
:101F4000CBF8000053F8045B9A4201F1040125FA32
:101F50000AF5F0D8131B153B23F0030304F1150118
:101F60008A4238BF00239C44CCF8045005B9C146CE
:101F70003846C6F810902146FFF78CFD3046BDE884
:101F8000F88F42F8041F0133C3E753F8045B0D6078
:101F90009A4201F10401F8D8E9E700BF9462010810
:101FA000466301080A6903460069801A30B50ED1FC
:101FB0001433143103EB820401EB820154F8045D05
:101FC00051F8042D954203D005D24FF0FF3030BDBB
:101FD000A342F3D3FBE70120F9E700002DE9F74F17
:101FE0008A460646114650461446FFF7DBFF051E9B
:101FF00012D129463046FFF70FFD024628B9414B62
:1020000040F23721404800F069FD0123C0E9043562
:10201000104603B0BDE8F08FBCBF5346A246304621
:10202000DAF80410BABF1C4601250025FFF7F4FCBE
:10203000024618B9334B40F24521E3E7DAF8107055
:102040002669C5600AF1140904F1140E00F11405A3
:102050000AF1100309EB87080EEB86060193AB46E5
:102060004FF0000C019B5EF8040B53F804AF019392
:102070001FFA8AF3194683B2CB1A000C6344C0EBF3
:102080001A4000EB23409BB243EA004376454BF8ED
:10209000043B4FEA204CE5D8331B153B153423F0A5
:1020A0000303A64238BF0023E8184B441C1D04302C
:1020B0002646A5EB0905464506EB050E0ED308F1AD
:1020C0000301091B21F003010133984538BF0021AA
:1020D000014451F8043D9BB1176199E756F8041B80
:1020E000E2464FEA11491CFA81FC514409EB2C49A4
:1020F00089B241EA09414FEA294CCEF80010DAE7EB
:10210000013FE6E7946201084663010882B08DED65
:10211000000B019A0F4B1340A3F15073002B08DC06
:102120005B42B3F1A07F4FEA235204DA4FF400235D
:102130001341002208E0A2F114031E2BDABF4FF076
:102140000042DA40012200231946104641EC100BF0
:1021500002B070470000F07F2DE9F041066900F100
:10216000140808EB8606371F56F8042C1046FFF7B4
:1021700043FDC0F120030A280B601B4915DCC0F1A8
:102180000B0C22FA0CF3B84543EA010534BF56F8AC
:10219000083C0023153002FA00F023FA0CF3034345
:1021A0001C4645EC104BBDE8F081B8453ABF56F8E7
:1021B000083CA6F1080700230B3812D0C0F120011B
:1021C00023FA01F482402243474542F07F558CBFF9
:1021D00057F8042C00228340CA4045F440151343AD
:1021E000DEE742EA0105DBE70000F03F2DE9F743B7
:1021F0000F46012159EC108B1646FFF70DFC0446E3
:1022000030B90246234B244840F20F3100F066FCFF
:10221000C9F30A55C9F313030DB143F480130193B5
:10222000B8F1000323D068460093FFF704FD00993E
:10223000D8B1019AC0F1200302FA03F30B43C24064
:1022400063610192019BA361002B0CBF012202225A
:102250002261A5B1A5F2334505443D60C0F13500CA
:102260003060204603B0BDE8F0836161EAE701A871
:10227000FFF7E1FC019B636120300122E8E704EBFA
:102280008203A0F2324038601869FFF7B5FCC0EB5A
:102290004210E5E794620108466301082DE9F04F1A
:1022A00085B0CDE9001002A9FFF756FF009803A9F9
:1022B00055EC104BFFF750FF019B1969009B1B6900
:1022C000C91ADDE902329B1A5BEC10AB03EB411338
:1022D000002BCEBF2A46C3EB03335A462F46D946BE
:1022E000CCBF02EB035702EB03594B465246204644
:1022F0003946EEF7A3FA41EC100B05B0BDE8F08FBC
:10230000013970B549111469013102F1140300EB70
:10231000810103EB8404051FA3420CD3A31A113BD4
:1023200023F003031132944238BF002318440023E2
:10233000884205D370BD53F8046B45F8046FEBE792
:1023400040F8043BF4E700F1140200694B11984295
:1023500010B511DB0ADD11F01F0107D052F8234040
:1023600024FA01F000FA01F18C420BD102EB830355
:10237000934203D8002010BD0346F7E753F8041D2D
:102380000029F5D00120F6E751F8043C181F002B76
:10239000BCBF0B58C01870470346084641B1FF2A1E
:1023A00004D98A221A604FF0FF3070470A7001206A
:1023B00070472DE9F0478E681F46BE4282460C46A4
:1023C0009046334653D8B1F90C0010F4906F2BD0DF
:1023D00065692368096905EB4505A3EB010905EB70
:1023E000D5757B1C6D104B44AB422A4684BF1D46FD
:1023F0002A46430527D511465046FDF75BFE0646A3
:1024000058B321694A46FEF756FFA38923F4906327
:1024100043F08003A381266165614E44A5EB090565
:102420002660A5603E463B461F4620683A46414628
:10243000FEF76AFEA3689B1BA36023683B442360EE
:102440000020BDE8F0875046FDF7C8FE064600288C
:10245000E1D121695046FEF747FF0C23CAF800304E
:10246000A38943F04003A3814FF0FF30E9E73E46E4
:10247000DBE700002DE9F04F98468B891B069DB0E5
:1024800007460D46144610D50B6973B94021FDF778
:1024900011FE2860286130B90C233B604FF0FF30FB
:1024A0001DB0BDE8F08F40236B610023099320230A
:1024B0008DF82930CDF80C803023DFF89C818DF821
:1024C0002A304FF0010923469A4613F8012B0AB12E
:1024D000252AF9D1BAEB040B0BD05B4622462946DC
:1024E0003846FFF766FF013000F0A780099A5A448A
:1024F00009929AF80030002B00F09F8000234FF0E3
:10250000FF32CDE905230AF1010A049307938DF800
:1025100053301A935446052214F8011B4E48EDF728
:1025200057FE049AD8B9D00644BF20238DF8533003
:10253000110744BF2B238DF853309AF800302A2B13
:1025400015D0079A544600204FF00A0C214611F886
:10255000013B303B092B4BD9B0B1079214E0A0EB03
:10256000080309FA03F313430493A246D2E7039B3B
:10257000191D1B680391002BBBBF5B4242F0020296
:1025800007930793B8BF049223782E2B0AD1637860
:102590002A2B32D1039B1A1D1B68039243EAE37373
:1025A00002340593DFF8C0A0217803225046EDF7EE
:1025B0000FFE38B1049BA0EB0A0040228240134377
:1025C0000134049314F8011B24488DF828100622C6
:1025D000EDF7FEFD002836D0214B1BBB039B0733D4
:1025E00023F0070308330393099B334409936AE7F5
:1025F0000CFB02320C460120A8E7002301340593AE
:1026000019464FF00A0C204610F8012B303A092ADF
:1026100003D9002BC6D00591C4E70CFB0121044669
:102620000123F0E703AB00932A460E4B04A938467A
:10263000AFF30080421C0646D6D1AB895B063FF55E
:102640002DAF09982CE703AB00932A46054B04A94C
:10265000384600F079F8EDE7C9630108D363010853
:1026600000000000B3230108CF6301082DE9F04703
:10267000164698468A680B69DDF820909342B8BFE9
:102680001346336091F8432007460C460AB10133E4
:1026900033602368990642BF33680233336025688C
:1026A00015F0060506D104F1190AE36832689B1A91
:1026B000AB4226DC94F843302268003B18BF01236C
:1026C00092062BD404F1430241463846C8470130F4
:1026D0001ED02368226903F00603042B02BFE568BD
:1026E0003368ED1AA3680CBF25EAE575002593420F
:1026F000C4BF9B1AED1800261A34B5421AD1002027
:1027000008E00123524641463846C847013003D10C
:102710004FF0FF30BDE8F0870135C6E7E1185A1CDD
:10272000302081F84300224494F8451082F8431089
:102730000233C7E70123224641463846C8470130E5
:10274000E6D00136D9E700002DE9FF470F7E0C9E49
:10275000782F914680460C469A4601F1430207D8ED
:10276000622F0AD8002F00F0D280582F00F0B780D7
:1027700004F1420684F842703AE0A7F16303152B96
:10278000F6D801A151F823F0E1270108F527010847
:1027900071270108712701087127010871270108B5
:1027A000F527010871270108712701087127010821
:1027B00071270108F52801081F280108AB28010826
:1027C00071270108712701081729010871270108DD
:1027D0001F2801087127010871270108B328010883
:1027E00033681A1D1B68326004F1420684F84230D7
:1027F00001239DE033682068191D3160060601D56C
:102800001D6803E04506FBD5B3F90050002D03DA3F
:102810002D236D4284F8433059480A2310E0216883
:102820003368080653F8045B02D4490648BFADB2CA
:102830006F2F5348336059D10823002184F8431087
:102840006668A660002E05DB21682E4321F0040196
:1028500021604DD01646B5FBF3F103FB1157C75D60
:1028600006F8017D2F46BB420D46F4D9082B0BD14B
:102870002368DF0708D5236961689942DEBF3023EA
:1028800006F8013C06F1FF36921B2261CDF800A04C
:102890004B4603AA21464046FFF7E8FE01304CD1E3
:1028A0004FF0FF3004B0BDE8F087236843F0200309
:1028B00023603448782784F84570236831681F0600
:1028C00051F8045B02D45F0648BFADB23160D9074E
:1028D00044BF43F0200323601DB11023ADE7284817
:1028E000E9E7236823F020032360F6E70A23A4E73F
:1028F0001646BBE7336825686169181D30602E06EF
:102900001B6801D5196002E06806FBD51980002319
:1029100023611646BAE733681A1D32601E68626882
:1029200000213046EDF754FC08B1801B60606368FD
:102930002361002384F84330A8E7236932464946DF
:102940004046D0470130ABD023689B0713D4E068E2
:10295000039B9842B8BF1846A4E701233246494674
:102960004046D04701309BD00135E36803995B1A9C
:10297000AB42F2DCEBE7002504F11906F5E700BFF6
:10298000DA630108EB630108B1F90C202DE9F0418D
:10299000160705460C4651D44B68002B02DC0B6C25
:1029A000002B49DDE66A002E46D0002312F4805247
:1029B0002F682B6031D0626DA389590705D56368F4
:1029C000D21A636B0BB1236CD21A0023E66A216A18
:1029D0002846B047421CB4F90C3006D129681D299D
:1029E00046D8294ACA40D60742D500226260D90497
:1029F0002269226004D5421C01D12B6803B96065AD
:102A0000616B2F60C1B104F14403994202D02846A2
:102A1000FEF76AFC002363630EE0216A0123284667
:102A2000B0470246501CC7D12B68002BC4D01D2BC9
:102A300001D0162B1AD12F6000201EE00F69002F45
:102A4000FAD093070E6808BF4B690F6018BF0023C8
:102A5000A6EB07088B60B8F1000FEDDD216AA66ACE
:102A600043463A462846B047002808DCB4F90C3003
:102A700043F04003A3814FF0FF30BDE8F0810744ED
:102A8000A8EB0008E7E700BF0100402038B50B695C
:102A900005460C4613B90025284638BD18B1036A0F
:102AA0000BB9FEF771FAB4F90C30002BF3D0626E5B
:102AB000D00704D4990502D4A06DFEF7FAFB28468E
:102AC0002146FFF761FF636EDA070546E4D4A38968
:102AD0009B05E1D4A06DFEF7EDFBDDE71FB51446C5
:102AE0001A46094B1B680546D8684CB1074B009144
:102AF000CDE9013406492B4600F022F800F032F807
:102B0000044B1C46F3E700BF1C030020FC630108D4
:102B1000096401087B62010870B5A1FB025434B955
:102B20002946FDF7C7FA064628B9304670BD0C2283
:102B300002600026F9E72A462146FEF7FEFAF4E78E
:102B40000EB403B5014603AB054853F8042B0068E7
:102B5000019300F037F802B05DF804EB03B0704762
:102B60001C03002008B5062000F0FEF90120FAF74A
:102B70007DFD9368013B002B10B4936008DA9469E3
:102B8000A34201DB0A2903D15DF8044B00F032B9FE
:102B90001368581C1060197008465DF8044B7047A4
:102BA000F8B506460F461446D518AC4201D10020B0
:102BB00007E014F8011B3A463046FFF7DAFF431CE2
:102BC000F3D1F8BD2DE9F04F0D469DB0144698465F
:102BD000064618B1036A0BB9FEF7D6F96B6ED90732
:102BE00005D4AB899A0502D4A86DFEF762FBAB89C8
:102BF0001B0701D52B699BB92946304600F038F9EF
:102C000070B16B6EDC0704D54FF0FF301DB0BDE82E
:102C1000F08FAB899805F7D4A86DFEF74BFBF3E76F
:102C20000023099320238DF82930CDF80C80302320
:102C3000DFF8AC818DF82A304FF0010923469A461F
:102C400013F8012B0AB1252AF9D1BAEB040B0BD0EA
:102C50005B46224629463046FFF7A2FF013000F0CE
:102C6000A780099A5A4409929AF80030002B00F084
:102C70009F8000234FF0FF32CDE905230AF1010ABE
:102C8000049307938DF853301A935446052214F891
:102C9000011B5348EDF79CFA049AD8B9D10644BFFA
:102CA00020238DF85330130744BF2B238DF8533066
:102CB0009AF800302A2B15D0079A544600204FF07E
:102CC0000A0C214611F8013B303B092B4BD9B0B11E
:102CD000079214E0A0EB080309FA03F313430493EB
:102CE000A246D2E7039B191D1B680391002BBBBFB3
:102CF0005B4242F0020207930793B8BF0492237825
:102D00002E2B0AD163782A2B32D1039B1A1D1B6804
:102D1000039243EAE37302340593DFF8D4A02178E9
:102D200003225046EDF754FA38B1049BA0EB0A0099
:102D30004022824013430134049314F8011B2948B4
:102D40008DF828100622EDF743FA00283FD0264BD5
:102D50001BBB039B073323F0070308330393099B33
:102D60003B4409936AE70CFB02320C460120A8E7BA
:102D700000230134059319464FF00A0C204610F841
:102D8000012B303A092A03D9002BC6D00591C4E79C
:102D90000CFB012104460123F0E703AB00932A4614
:102DA000124B04A93046AFF300800746781CD6D1F9
:102DB0006B6ED90705D4AB899A0502D4A86DFEF7CE
:102DC00079FAAB895B063FF51FAF09981EE703ABA5
:102DD00000932A46054B04A93046FFF7B5FCE4E70B
:102DE000C9630108D363010800000000A12B01089A
:102DF000CF630108F8B50E461446054618B1036ABC
:102E00000BB9FEF7C1F8A369A360A3891A0701D51E
:102E1000236943B92146284600F02AF818B14FF03B
:102E2000FF373846F8BD23682269981A6369F6B2FD
:102E30008342374605DC21462846FFF727FE002857
:102E4000EDD1A368013BA36023685A1C22601E7069
:102E50006269431C9A4204D0A389DB07E1D50A2E9C
:102E6000DFD121462846FFF711FE0028D9D0D6E74A
:102E700038B5284B054618680C4618B1036A0BB9DB
:102E8000FEF782F8B4F90C301A0721D4D80607D41B
:102E900009222A6043F04003A3814FF0FF3030E065
:102EA000590712D5616B41B104F14403994202D034
:102EB0002846FEF719FA002363630022B4F90C30A8
:102EC00062602269226023F0240343F00803A38197
:102ED00022693AB99A0501D5180603D52146284634
:102EE00000F082F8B4F90C3013F001020AD000228D
:102EF000A26062695242A261226942B913F0800065
:102F0000C8D138BD990758BF6269A260F4E70020B4
:102F1000F7E700BF1C0300201F2938B505460C4603
:102F200004D9162303604FF0FF3038BDC26B12B1D5
:102F300052F821304BB9284600F030F822460146BD
:102F40002846BDE8384000F017B8012B0AD0591CBC
:102F500003D1162303600120E7E7002142F8241083
:102F6000204698470020E0E7024B01461868FFF72B
:102F7000D3BF00BF1C03002038B5074D0023044613
:102F8000084611462B60FAF773FB431C02D12B68ED
:102F900003B1236038BD00BFD4540020FAF770BBE2
:102FA00070B50C46B1F90E10002996B015461E46B4
:102FB0000ADAA18911F0800113D14FF48062002058
:102FC00031602A6016B070BD6A4600F047F80028EC
:102FD000EFDB019901F47041A1F5005359425941C9
:102FE000EBE700214022EAE78B8973B59E0705468F
:102FF0000C4607D504F14703236023610123636175
:1030000002B070BD01AB6A46FFF7CAFF009E2846BA
:103010003146FDF74FF8B4F90C3038B99A05EFD4C2
:1030200023F0030343F00203A381E3E743F08003AB
:10303000A381019B2060C4E90406002BE0D0B4F911
:103040000E10284600F01CF80028D9D0A38923F0E0
:10305000030343F00103A381D2E7000038B5074D15
:1030600000230446084611462B60FAF7F4FA431C85
:1030700002D12B6803B1236038BD00BFD4540020B7
:1030800038B5064D0023044608462B60FAF7E8FAE7
:10309000431C02D12B6803B1236038BDD4540020F7
:1030A00000F04CB808B52DED028BB0EE408A00F070
:1030B0001BF8B4EE488AF1EE10FA06D6DFED098A65
:1030C000B4EEE88AF1EE10FA02D4BDEC028B08BD32
:1030D000FEF7C4F888EEA80ABDEC028B212303603A
:1030E00008BD00BF00000000B1EEC00A704700BF7D
:1030F00010EE103AC3F3C7527F3A162A19460EDC77
:10310000002A11DB0C481041034205D04FF4800324
:1031100013410B4423EA000300EE103A7047802A63
:10312000FAD130EE000A7047013203F00043F3D1C8
:1031300043F07E53F0E700BFFFFF7F0010B582B081
:10314000CDED010A019B23F00042B2F1FF4FF0EEFA
:10315000407A30D810EE100A20F00041B1F1FF4F54
:1031600029D8B3F17E5F3ED09C1704F0020444EAF4
:10317000D07431B37AB3B2F1FF4F3FD0B1F1FF4F0A
:1031800029D0891AB1F1F45F4FEAE15233DA002B0A
:1031900041DA3C323FDA9FED330A012C4DD0022C4C
:1031A00042D064B19FED307ADFED307A30EE070A1D
:1031B00030EE670A03E09DED017A37EE270A02B090
:1031C00010BD022C0CD09FED2A7A032C08BFB0EE64
:1031D000470A02B010BD00280ADB9FED260AEEE781
:1031E0009FED220AEBE702B0BDE8104000F04CB8BA
:1031F0009FED210AE3E79FED1F0ACEE7B1F1FF4FF4
:1032000004F1FF3420D0022C26D81C4B03EB84039E
:1032100093ED000AD3E79DED017A87EE870A00F06F
:1032200005F900F031F8B8E79FED0F7ADFED0F7A7E
:1032300030EE070A37EEC00AC1E710EE103A03F18C
:10324000004300EE103ABAE7022C08D80C4B03EB0F
:10325000840393ED000AB2E79FED020AAFE79FED0A
:10326000090AACE7000000002EBDBB33DB0F49406C
:10327000DB0F49C0DB0FC93FDB0FC9BF487A01082C
:10328000547A0108DB0F493F38B510EE105A25F08B
:103290000044B4F1A14FF0EE407A07D3B4F1FF4FF0
:1032A00055D8002D77DD9FED4E0A38BD4D4B9C4221
:1032B0005CD8B4F1445F4DD34FF0FF3327EEA76ADB
:1032C0009FED495A9FED497ADFED495ADFED494AB2
:1032D00066EE066A5A1CA6EE857AE6EEA54A9FEDD2
:1032E000465ADFED465AA7EE265AE4EEA65A9FED5F
:1032F000447ADFED444AA5EE267AE5EEA64A9FED34
:10330000425ADFED425AA7EE265A9FED417AA4EECB
:10331000A67AE5EE265A27EE267AA5EE867A27EEDD
:10332000877A3BD03B493C4A01EB8301D1ED006AEF
:1033300037EE667A02EB8303D3ED006A37EE677AE5
:10334000002D36EEC70AB0DAB1EE400A38BD30EED5
:10335000000A38BD9FED317A30EE077AF7EE006A49
:10336000B4EEE67AF1EE10FAA6DD38BD00F05EF8B4
:103370002B4B9C4215D8A3F5D0039C4226D8F0EEE7
:10338000007ABFEE007AA0EE277A002330EE270AFB
:10339000C7EE007A92E79FED230A38BD37EEC70AE1
:1033A00038BD214B9C420BD8F7EE087AB7EE007A75
:1033B000A0EE277A022330EE670AC0EE077A7DE797
:1033C000BFEE007AC7EE007A032377E7F7EE007AC4
:1033D00030EE677A30EE270A0123C7EE007A6DE7F8
:1033E000DB0FC93FFFFFDF3ED769853C59DA4B3D14
:1033F00021A215BD6BF16EBD356B883D95879DBDD6
:103400006E2EBA3D388EE3BD2549123EABAAAA3EC8
:10341000CDCC4CBE607A0108707A0108CAF24971BD
:10342000FFFF973FDB0FC9BFFFFF1B4010EE103AB5
:1034300023F0004300EE103A704700BF38B5002279
:10344000002304460D46EDF741FB28B920462946E6
:10345000BDE8384000F00AB8204605F1004100F010
:1034600005F8404261EB410138BD00BFD0B50C4BBF
:10347000002206460F46EDF7B7F8EDF765FB044668
:10348000EDF738F8074B0022EDF7AEF802460B4691
:1034900030463946ECF7F0FEEDF756FB2146D0BD3D
:1034A0000000F03D0000F0412DE9F047089D0F4677
:1034B00004468C46002B48D18A42164661D9B2FA9E
:1034C00082F34BB1C3F1200201FA03FC20FA02F2AD
:1034D0009E4042EA0C0C9C404FEA164EB7B2BCFB31
:1034E000FEF1220C0EFB11CC42EA0C4201FB07F06C
:1034F000904209D9B21801F1FF3C80F0EE80904271
:1035000040F2EB8002393244121AA4B2B2FBFEF050
:103510000EFB102244EA024400FB07F7A74209D938
:10352000341900F1FF3280F0DA80A74240F2D780F0
:103530003444023840EA0140E41B00211DB1DC4064
:103540000023C5E90043BDE8F0878B4206D90DB1E1
:10355000C5E9000100210846BDE8F087B3FA83F110
:10356000002948D1BB4202D3824200F20781841A6B
:1035700067EB030201209446002DE4D0C5E9004C1E
:10358000E1E7002A00F09280B2FA82F3002B40F0CB
:10359000A8808A1A4FEA164E1FFA86FC0121200CD9
:1035A000B2FBFEF70EFB172240EA02420CFB07F0CB
:1035B000904207D9B21807F1FF3802D2904200F2C8
:1035C000E2804746121AA4B2B2FBFEF00EFB1022B4
:1035D00044EA02440CFB00FCA44507D9341900F16D
:1035E000FF3202D2A44500F2CB801046A4EB0C04BB
:1035F00040EA0740A2E7C1F120068B4022FA06FC10
:103600004CEA030C07FA01F420FA06F3F7404FEAFC
:103610001C49234300FA01F81FFA8CFEB7FBF9F0AE
:103620001C0C09FB107744EA074400FB0EF7A74285
:1036300002FA01F20AD91CEB040400F1FF3A80F00F
:103640009B80A74240F2988002386444E41B9FB2FA
:10365000B4FBF9F309FB134447EA044403FB0EFEF1
:10366000A64509D91CEB040403F1FF3780F08280E2
:10367000A6457FD9023B644443EA0040A4EB0E0414
:10368000A0FB02E7BC427346B94663D360D05DB18C
:10369000B8EB030264EB090404FA06F622FA01F31C
:1036A0001E43CC40C5E9006400214CE7620848088D
:1036B00042EAC1710B0C43EA00438AB242EA034278
:1036C000B3FBF6F1E407B4463746B6461F23B0FB1A
:1036D000F6F0D21B41EA004161E7614614E710466B
:1036E00028E7C3F1200120FA01F29E4027FA01F1F8
:1036F0009F403A434FEA164E1FFA86FCB1FBFEF795
:103700000EFB1710110C41EA004107FB0CF888452D
:1037100004FA03F43AD9711807F1FF3001D2884551
:103720001FD8A1EB0801B1FBFEF808FB0CF70EFB5C
:10373000181192B242EA0142BA422FD2B21808F1ED
:10374000FF31C6D2BA42C4D2A8F102013244C0E766
:10375000F0459CD2BEEB020367EB0C070138B9467B
:1037600095E7A6EB08084144B81EB1FBFEF808FB3C
:103770000CF7DCE73B467FE7504667E70846FBE689
:103780003444023832E7023F32441BE7A1EB080120
:103790003846B1FBFEF808FB0CF7C8E7414698E74E
:1037A00008B5FFF7DFF90000F8B500BFF8BC08BCAA
:1037B0009E467047F8B500BFF8BC08BC9E467047EF
:1037C0000000C03F250601406666B6C0000000004C
:1037D000840000205000002010040020F40300208A
:1037E000E403002044000020D40300203000002027
:1037F00018000020C80300200C0000200800002052
:10380000C40300200A3D3D3D3D3D3D3D3D3D3D3D28
:103810003D3D3D3D3D3D3D3D3D3D3D3D3D3D3D3DD8
:103820003D3D3D3D3D3D3D3D3D3D3D3D3D3D3D3DC8
:103830003D3D00204151554159414E545241205582
:103840004E4445525741544552204E4F444520491D
:103850004E495449414C495A494E472E2E2E005B41
:103860004932435D20534441203D20504237005BA4
:103870004932435D2053434C203D20504236005B8B
:103880004932435D204275732068756E6720646518
:103890007465637465642028534441204C4F572954
:1038A0002E20436C656172696E67206275732E2EDF
:1038B0002E005B424F4F545D205741524E494E47B8
:1038C0003A204D61676E65746F6D65746572206630
:1038D00061696C656420696E69742028636865633A
:1038E0006B2049324320776972696E6720504236F7
:1038F0002F504237292E005B424F4F545D205741D5
:10390000524E494E473A20424D503238302073656E
:103910006E736F72206661696C656420696E69748C
:103920002E005B424F4F545D205741524E494E4747
:103930003A20445331384232302077617465722026
:1039400074656D702070726F6265206E6F74206692
:103950006F756E64206F6E205042392E005B424FAF
:103960004F545D205741524E494E473A204D6963AE
:10397000726F53442063617264206E6F74207072A2
:103980006573656E74206F7220696E69742066615C
:10399000696C65642E005B424F4F545D2053746127
:1039A00062696C697A696E6720626173656C696EC1
:1039B00065202620616371756972696E6720696E82
:1039C000697469616C2072656164696E67732E2E1B
:1039D0002E005B424F4F545D204C697665206D652B
:1039E00061737572656D656E74206D6F64652061BD
:1039F00063746976652E204E6F726D616C207375ED
:103A000072766579206C6F6767696E672073746181
:103A1000727465642E005B4241545D20426174748F
:103A20006572792041444320696E697469616C69EB
:103A30007A6564206F6E2050413120284144433123
:103A4000204368616E6E656C2031292E005B424117
:103A5000545D20446976696465723A2052313D3381
:103A6000336B2C2052323D31306B2C204D756C74F1
:103A700069706C6965723D00554E4B4E4F574E0054
:103A80004C4F5700435249544943414C0020415147
:103A9000554159414E545241204649524D57415289
:103AA0004520434F4D4D414E4420524546455245D9
:103AB0004E4345002048454C502020202020202007
:103AC000202020202020202D2053686F772074682C
:103AD000697320636F6D6D616E64207265666572D7
:103AE000656E6365002053544154555320202020B7
:103AF00020202020202020202D2053797374656DF4
:103B0000206865616C746820616E642073656E73F3
:103B10006F722073756D6D61727900205343414E51
:103B2000202F2049324320202020202020202D201B
:103B30005363616E204932432062757320285042DE
:103B4000363D53434C2C205042373D5344412920AD
:103B5000666F72206465766963657300204D414726
:103B60002020202020202020202020202020202D48
:103B7000204D61676E65746F6D6574657220766542
:103B800063746F72732026206D61676E697475644B
:103B9000650020434F4D50415353202020202020CA
:103BA00020202020202D204469676974616C2063E7
:103BB0006F6D706173732068656164696E6720263C
:103BC00020617A696D757468002054454D5020203D
:103BD0002020202020202020202020202D20576160
:103BE0007465722074656D702028445331384232F8
:103BF0003029202620686F7573696E672074656DA3
:103C0000700020505245535355524520202020200B
:103C100020202020202D2050726573737572652C32
:103C20002074656D706572617475726520262064FC
:103C300065707468002054555242494449545920D3
:103C400020202020202020202D20547572626964BD
:103C500069747920414443202620766F6C74616733
:103C600065002050482020202020202020202020D7
:103C700020202020202D2070482073656E736F72E5
:103C80002072656164696E6720262063616C6962D9
:103C9000726174696F6E00205444532020202020EC
:103CA000202020202020202020202D20544453207C
:103CB00073656E736F722072656164696E6720262A
:103CC0002063616C6962726174696F6E00204241A9
:103CD00054544552592020202020202020202020EC
:103CE0002D204261747465727920766F6C746167FF
:103CF0006520262063656C6C2073746174650020F8
:103D000043414C494252415445202020202020204C
:103D100020202D2052756E20313573203344206DC4
:103D200061676E65746F6D657465722063616C693F
:103D300062726174696F6E002052455345545F434F
:103D4000414C4942524154494F4E202D20526573F7
:103D50006574206D61672063616C6962726174696A
:103D60006F6E20746F206964656E746974790020C9
:103D70004745545F43414C4942524154494F4E20BC
:103D800020202D205072696E74206D616720636160
:103D90006C6962726174696F6E206D6174726978AA
:103DA000002043414C5F50485F37202020202020D6
:103DB000202020202D2043616C696272617465208F
:103DC0007048206E65757472616C2028372E303013
:103DD0002062756666657229002043414C5F504839
:103DE0005F34202020202020202020202D2043610F
:103DF0006C69627261746520704820616369642037
:103E000028342E3031206275666665722900205292
:103E1000455345545F50482020202020202020205A
:103E2000202D20526573657420704820746F2075B2
:103E30006E63616C69627261746564206465666159
:103E4000756C7473002043414C5F544453203C769E
:103E5000616C3E20202020202D2043616C6962721D
:103E6000617465205444532077697468206B6E6FC9
:103E7000776E2070706D2076616C756500205245FC
:103E80005345545F544453202020202020202020DC
:103E90002D2052657365742054445320746F20752F
:103EA0006E63616C696272617465642064656661E9
:103EB000756C747300205345545F5355524641430B
:103EC00045202020202020202D2043617074757211
:103ED0006520424D503238302061746D6F737068C8
:103EE0006572696320626173656C696E6500205359
:103EF000544152545F4C4F47202020202020202046
:103F0000202D20526573756D6520534420636172C6
:103F100064206C6F6767696E67002053544F505F71
:103F20004C4F47202020202020202020202D2050D2
:103F3000617573652053442063617264206C6F6700
:103F400067696E67002052455345545F42415345AF
:103F50004C494E45202020202D2052657365742049
:103F60006D61676E6574696320626173656C696E0B
:103F7000652066696C746572002053445F53544138
:103F80005455532020202020202020202D2053680D
:103F90006F77205344206361726420737461746589
:103FA00020616E642066696C6573003D3D3D3D3D5A
:103FB0003D3D3D3D3D3D3D3D3D3D3D3D3D3D3D3D31
:103FC0003D3D3D3D3D3D3D3D3D3D3D3D3D3D3D3D21
:103FD0003D3D3D3D3D3D3D3D0A004151554159412D
:103FE0004E545241204C4956452044415441000A08
:103FF0004D41474E45544F4D455445522026204390
:104000004F4D504153530048656164696E672020ED
:104010003A200020646567202800582020202020B6
:104020002020203A200020755400592020202020F4
:104030002020203A20005A20202020202020203A32
:1040400020004552524F5220E28094206E6F20761D
:10405000616C69642064617461000A424153454C9B
:10406000494E45000A444556494154494F4E000ABD
:1040700052415445204F46204348414E4745002079
:1040800075542F73000A414E4F4D414C59205354E3
:1040900041545553000A5052455353555245002040
:1040A000685061000A4445505448202870726F746B
:1040B0006F74797065206573742E2900206D00453A
:1040C00052524F5220E2809420424D5032383020DC
:1040D000756E617661696C61626C65000A54454D6C
:1040E000504552415455524500576174657220281D
:1040F00044533138423230293A200020430057617E
:10410000746572202844533138423230293A204FA6
:1041100046464C494E45202866616C6C696E6720A6
:104120006261636B20746F20424D50323830290039
:10413000486F7573696E672028424D5032383029B8
:104140003A20000A5741544552205155414C495498
:1041500059005475726269646974793A2000205676
:10416000007048202020202020203A200054445372
:104170002020202020203A20002070706D000A426C
:10418000415454455259002025004552524F522067
:10419000E280942072656164206661696C656400E8
:1041A0000A44415441205155414C495459000A5345
:1041B0004420434152440020202020202020202061
:1041C0003A205245434F5244494E47202853757276
:1041D0007665793A20002020202020202020203AD7
:1041E0002053544F50504544000A536571233A20E0
:1041F000007B226465766963655F6964223A220008
:104200004151554159414E5452412D3030310022D7
:104210002C2273657175656E6365223A002C2274D9
:10422000696D657374616D705F6D73223A002C2245
:104230006D61675F78223A002C226D61675F792299
:104240003A002C226D61675F7A223A002C226D6160
:10425000676E6974756465223A002C226865616432
:10426000696E675F646567223A002C22636172643D
:10427000696E616C223A22002C22626173656C695E
:104280006E65223A002C22646576696174696F6EEE
:10429000223A002C22726F63223A002C22616E6F48
:1042A0006D616C795F7374617465223A2200222C0F
:1042B00022616E6F6D616C795F73636F7265223A14
:1042C000002C2270726573737572655F687061226D
:1042D0003A002C2274656D70657261747572655F49
:1042E00063223A002C22626D703238305F74656D43
:1042F000705F63223A002C2264657074685F6D22DF
:104300003A002C227475726269646974795F76224E
:104310003A002C227475726269646974795F6E74F4
:1043200075223A002C227068223A002C22746473A1
:104330005F70706D223A002C22626174746572792C
:104340005F76223A002C22626174746572795F7024
:104350006374223A002C22646174615F7175616C30
:10436000697479223A007D004F4E4C494E45004F0A
:104370004E4C494E45202850423929004F46464C64
:10438000494E452F4552524F52004F4E4C494E45D3
:1043900020283078334329004F46464C494E45206B
:1043A0002F204E4F4E4500554E43414C49425241FD
:1043B00054454420286964656E74697479290055F0
:1043C0004E43414C494252415445440020415155CD
:1043D0004159414E54524120554E44455257415443
:1043E0004552204E4F4445202853544D33324634D5
:1043F000313143455536290020446576696365208F
:10440000494420202020202020203A2000204669F6
:10441000726D776172652020202020202020203AB4
:104420002000322E312E302D424C41434B50494C0E
:104430004C002D2D2D2D2D2D2D2D2D2D2D2D2D2DBA
:104440002D2D2D2D2D2D2D2D2D2D2D2D2D2D2D2D9C
:104450002D2D2D2D2D2D2D2D2D2D2D2D2D2D2D00B9
:104460002053756273797374656D2053746174752C
:10447000733A002020204D61676E65746F6D65741E
:1044800065722020203A2000205B4F4E4C494E455B
:104490005D00202020424D50323830204261726F42
:1044A000202020203A2000202020576174657220AF
:1044B00054656D7020202020203A200020202054B8
:1044C00075726269646974792041444320203A20FE
:1044D000004F4E4C494E45202850413029002020A5
:1044E0002070482053656E736F7220414443202032
:1044F0003A20004F4E4C494E452028504132290069
:104500002020205444532053656E736F7220414421
:1045100043203A20004F4E4C494E4520285041330D
:1045200029002020204D6963726F53442053504965
:10453000312020203A20002020204F4C45442044A8
:104540006973706C61792020203A2000202020427D
:10455000617474657279204D6F6E202020203A209E
:104560000020562028002529002043616C696272D2
:104570006174696F6E733A00202020704820507279
:104580006F6265202020202020203A20002020205B
:104590005444532050726F62652020202020203A1E
:1045A00020002053797374656D20537461747573A2
:1045B000202020203A205245414459002044756172
:1045C0006C2D4D4355204E6F7465202020203A20DD
:1045D0004750532068616E646C6564206279207373
:1045E000757266616365204553503332000A3D3D64
:1045F0003D3D3D3D3D3D3D3D3D3D3D3D3D3D3D3DEB
:104600003D3D3D3D3D3D3D004151554159414E549B
:10461000524120493243205343414E00466F756E4C
:1046200064206465766963652061742030780020B9
:104630002D3E20485035383833202F20514D4335FA
:1046400038383350204D61676E65746F6D657465E1
:1046500072202848572D3132372900202D3E20481E
:104660006F6E657977656C6C20484D43353838330B
:104670004C204D61676E65746F6D657465720020C6
:104680002D3E20514D43353838334C204D61676EF7
:1046900065746F6D657465722028636C6F6E652F2D
:1046A000616C7465726E6174652900202D3E205323
:1046B00053443133303620302E393622204F4C458A
:1046C0004420446973706C6179202831323878361F
:1046D000342900202D3E20424D5032383020507277
:1046E0006573737572652F54656D70202853444F40
:1046F0003D474E442900202D3E20424D5032383057
:104700002050726573737572652F54656D70202823
:1047100053444F3D332E335629004E4F20493243E8
:10472000204445564943455320464F554E442100A9
:1047300020312E2050696E20576972696E673A20C9
:10474000436865636B2074686174202742362720B4
:10475000697320636F6E6E656374656420746F2087
:1047600053434C20616E6420274237272069732011
:10477000636F6E6E656374656420746F205344418B
:104780002E00202020205472792053574150504948
:104790004E472053434C20616E64205344412069AE
:1047A0006620756E73757265210020322E20506F61
:1047B0007765723A20436F6E6669726D20332E33CF
:1047C0005620616E6420474E4420617265207365F7
:1047D000637572656C7920636F6E6E656374656472
:1047E00020746F207468652073656E736F72206229
:1047F0006F617264732E0020332E2050756C6C2D07
:104800007570733A20436865636B20746861742027
:10481000342E376B2070756C6C2D7570207265733B
:104820006973746F72732061726520636F6E6E6559
:104830006374656420746F20332E3356206F6E20AE
:1048400053444120262053434C2E0020342E204236
:104850004D50323830204353422070696E3A20491F
:104860006620796F757220424D50323830206D6F5E
:1048700064756C6520686173206120435342207029
:10488000696E2C206974204D555354206265207444
:1048900069656420746F20332E33562100546F7481
:1048A000616C2049324320646576696365732061D9
:1048B000636B6E6F776C65646765643A20002D2DBD
:1048C0002D2D2D2D2D2D2D2D2D2D2D2D2D2D2D2D18
:1048D0002D2D2D2D2D2D2D2D2D2D2D2D2D2D2D2D08
:1048E0002D2D2D2D2D2D2D2D2D2D2D2D2D2D0A0048
:1048F00041435449564500594553004E4F00204E00
:10490000545500204E54552028554E43414C4942A1
:10491000524154454429002070706D202843414C79
:104920004942524154454429002070706D20285559
:104930004E43414C49425241544544290048454C5C
:1049400050000A2D2D2D2053595354454D204845D4
:10495000414C544820262053554253595354454DF9
:1049600020535441545553202D2D2D004669726D0E
:10497000776172652056657273696F6E203A200008
:104980004D61676E65746F6D6574657220202020BF
:10499000203A2000202D2000424D50323830202077
:1049A0002020202020202020203A200057617465FC
:1049B000722054656D702028312D5729203A20002F
:1049C00070482053656E736F7220202020202020B5
:1049D000203A20005444532053656E736F72202098
:1049E00020202020203A2000547572626964697486
:1049F0007920414443202020203A200042617474F1
:104A0000657279202020202020202020203A2000BC
:104A10004D6963726F5344204361726420202020EB
:104A2000203A20004D61672043616C6962726174B5
:104A3000696F6E20203A200070482043616C6962E3
:104A4000726174696F6E2020203A20005444532014
:104A500043616C6962726174696F6E20203A200054
:104A60005344204C6F6767696E67205374617465A7
:104A7000203A200044617461205175616C69747939
:104A800020202020203A20004D4147000A2D2D2DC6
:104A9000204D41474E45544F4D4554455220262008
:104AA000434F4D50415353202D2D2D0044657669C1
:104AB0006365204D6F64656C2020203A2000436FB1
:104AC0006D706173732048656164696E673A200098
:104AD000582D41786973202863616C292020203A81
:104AE0002000592D41786973202863616C292020AA
:104AF000203A20005A2D41786973202863616C297F
:104B00002020203A2000546F74616C204D61676E44
:104B100069747564653A20004144432052617720EE
:104B20005B582C592C5A5D3A205B002C20004144E4
:104B300043204F766572666C6F772020203A200004
:104B40004552524F523A2053656E736F7220646122
:104B50007461206E6F742076616C6964206F7220BE
:104B60004932432072656164206572726F722E0053
:104B70000A2D2D2D204449474954414C20434F4D87
:104B8000504153532048454144494E47202D2D2D37
:104B90000048656164696E67202020202020202065
:104BA0003A20002064656700446972656374696F28
:104BB0006E2020202020203A200053656E736F72F3
:104BC0002020202020202020203A20004465636CF3
:104BD000696E6174696F6E202020203A2000455272
:104BE000524F523A20436F6D706173732064617449
:104BF00061206E6F742076616C69642E00493243C7
:104C0000000A2D2D2D205052455353555245202634
:104C10002044455054482053454E534F52202D2D8B
:104C20002D005072657373757265202020203A2024
:104C30000054656D7065726174757265203A20006C
:104C40004573742E20446570746820203A20004E0D
:104C50006F74653A20424D503238302069732061BC
:104C6000207368616C6C6F772070726F746F7479E9
:104C700070652073656E736F7220283C2031206D43
:104C8000206465707468292E004552524F523A20B4
:104C9000424D50323830206F66666C696E65206F09
:104CA00072206F7574206F6620626F756E64732E4C
:104CB0000054454D50000A2D2D2D2054454D504592
:104CC0005241545552452052454144494E47532084
:104CD0002D2D2D0057617465722054656D7020284C
:104CE00044533138423230293A200057617465729A
:104CF0002054656D70202844533138423230293AAF
:104D0000204F46464C494E45202F20444953434F9F
:104D10004E4E454354454400486F7573696E672095
:104D200054656D702028424D50323830293A2000A9
:104D3000486F7573696E672054656D702028424D09
:104D400050323830293A204F46464C494E4500549F
:104D50005552424944495459000A2D2D2D2054558D
:104D6000524249444954592053454E534F52202DE5
:104D70002D2D005261772041444320636F756E747E
:104D8000203A2000416E616C6F6720566F6C746131
:104D900067653A2000457374696D61746564204EDF
:104DA0005455203A20004552524F523A20547572C1
:104DB0006269646974792072656164206661696CF6
:104DC0007572652E000A2D2D2D2050482053454E1A
:104DD000534F52202D2D2D0070482056616C756563
:104DE0002020202020203A200054656D7020436F41
:104DF0006D7020202020203A20004552524F523A18
:104E00002070482072656164206661696C75726506
:104E10002E000A2D2D2D205444532053454E534F20
:104E200052202D2D2D005444532056616C75652061
:104E3000202020203A2000436F6D70656E736174EE
:104E400065642056203A20004552524F523A205471
:104E500044532072656164206661696C7572652EC9
:104E6000000A2D2D2D2042415454455259204D4FBA
:104E70004E49544F52202D2D2D005061636B20560A
:104E80006F6C7461676520203A200052656D61691E
:104E90006E696E6720506374203A2000426174741A
:104EA000657279205374617465203A20004552522E
:104EB0004F523A2042617474657279207265616460
:104EC000206661696C7572652E0043414C494252FF
:104ED0004154450052455345545F43414C49425269
:104EE0004154494F4E004745545F43414C4942525B
:104EF0004154494F4E0043414C5F50485F37004397
:104F0000414C5F50485F340052455345545F504810
:104F10000043414C5F544453005B5444535D20555F
:104F2000736167653A2043414C5F544453203C6BA6
:104F30006E6F776E5F70706D5F76616C75653E2029
:104F400028652E672E2043414C5F54445320313452
:104F50003133290052455345545F5444530053455F
:104F6000545F535552464143450053544152545F98
:104F70004C4F470053544F505F4C4F4700524553DE
:104F800045545F424153454C494E450053445F539D
:104F90005441545553000A2D2D2D204D4943524F55
:104FA00053442053544F5241474520535441545584
:104FB00053202D2D2D00436172642050726573655E
:104FC0006E742026204F6E6C696E65203A20004C6E
:104FD0006F6767696E67204163746976652020207A
:104FE00020202020203A20004163746976652053F8
:104FF00075727665792046696C65202020203A20FC
:1050000000416374697665204576656E7420466953
:105010006C6520202020203A20004E4F4E4520284D
:1050200069646C6529005B434D445D20556E6B6E71
:105030006F776E20636F6D6D616E643A2027002775
:105040002E20547970652048454C5020666F7220A0
:10505000617661696C61626C6520636F6D6D616E14
:1050600064732E005B4C4F474745525D20352D73CE
:1050700065636F6E642063697263756C6172205240
:10508000414D2062756666657220696E697469615A
:105090006C697A656420283235302073616D706CDC
:1050A0006573204020353020487A292E004845413C
:1050B0004C544859005741524E494E4700444547C9
:1050C0005241444544004641554C54004E4F4E45D4
:1050D000202F204F46464C494E450053450053571C
:1050E000004E57005B4D41475D2043616C69627221
:1050F0006174696F6E20726573657420746F2069C6
:1051000064656E746974792E0056414C4944202FB1
:10511000204C4F41444544000A2D2D2D204355522B
:1051200052454E54204D41472043414C4942524143
:1051300054494F4E202D2D2D00486172642D497227
:105140006F6E204F66667365747320287554293A14
:1051500020583D0020593D00205A3D00536F667491
:105160002D49726F6E204D61747269783A0020206B
:105170005B20005374617475733A20005B4D4147A6
:105180005D205363616E6E696E6720737570706F1A
:1051900072746564206D61676E65746F6D657465AA
:1051A00072732E2E2E005B4D41475D2050726F6250
:1051B000696E6720307832432028485035383833BC
:1051C000202F20514D433538383350292E2E2E00B4
:1051D0005B4D41475D204850353838332F514D43A2
:1051E00035383833502064657465637465642061B4
:1051F0007420307832432028436869702049443A4B
:10520000203078005B4D41475D20496E69746961CB
:105210006C697A6174696F6E204F4B005B4D41473A
:105220005D2050726F62696E6720307831452028AA
:10523000486F6E657977656C6C20484D433538381A
:10524000334C292E2E2E005B4D41475D20486F6E5A
:10525000657977656C6C20484D43353838334C2080
:1052600064657465637465642061742030783145C9
:10527000005B4D41475D2050726F62696E67203060
:105280007830442028514D43353838334C20616CF8
:105290007465726E617465292E2E2E005B4D414738
:1052A0005D20514D43353838334C20646574656357
:1052B0007465642061742030783044005B4D414750
:1052C0005D204552524F523A204E6F2073757070D8
:1052D0006F72746564206D61676E65746F6D65745F
:1052E000657220726573706F6E64656420617420EE
:1052F000307832432C20307831452C206F722030AA
:105300007830442E000A3D3D3D3D3D3D3D3D3D3D17
:105310003D3D3D3D3D3D3D3D3D3D3D3D3D3D3D3DBD
:105320003D3D3D3D3D3D3D3D3D3D3D3D3D3D3D3DAD
:1053300000204D41474E45544F4D4554455220267F
:1053400020434F4D504153532043414C4942524119
:1053500054494F4E0020526F746174652074686523
:10536000206E6F6465207468726F75676820414CA9
:105370004C203344206F7269656E746174696F6E7E
:1053800073002053616D706C696E6720666F7220C8
:105390003135207365636F6E64732E2E2E005B4D66
:1053A00041475D2043414C4942524154494F4E20B0
:1053B0004641494C45443A20496E737566666963B7
:1053C00069656E742073616D706C657320636F6CBA
:1053D0006C65637465642E005B4D41475D204361DD
:1053E0006C6962726174696F6E20526F7574696E58
:1053F00065205375636365737366756C2E00485042
:1054000035383833202F20514D433538383350202C
:1054100028307832432900486F6E657977656C6C67
:1054200020484D43353838334C20283078314529D1
:1054300000514D43353838334C20283078304429DA
:10544000005B4F4C45445D205761726E696E673A50
:105450002053534431333036204F4C4544206E6F37
:1054600074206465746563746564206174203078A9
:1054700033432E20436F6E74696E75696E672068C2
:105480006561646C6573732E005B4F4C45445D2011
:105490005353443133303620313238783634204F4C
:1054A0004C454420696E697469616C697A65642051
:1054B0007375636365737366756C6C7920617420B2
:1054C000307833432E004151554159414E54524199
:1054D00000556E6465727761746572204E6F646505
:1054E00000496E697469616C697A696E672E2E2E47
:1054F0000053656E736F72732026204D6963726F5F
:105500005344004F4B20202020004552524F522040
:10551000005741524E0053544142494C495A494E5A
:10552000470053595354454D205245414459005367
:10553000443A2000534E533A2000426173656C692F
:105540006E653A2000434845434B004465707468DB
:105550003A2020200054656D703A2020202000421F
:105560006174746572793A200053443A20202020F7
:105570002020004C4F4747494E47004E4F204341A3
:105580005244004D41474E45544943204649454CFD
:105590004400583A2000593A20005A3A20004669FF
:1055A000656C643A20004864673A20202000704807
:1055B0003A202020005444533A202000547572624F
:1055C0003A200054656D703A2000505245535355AF
:1055D0005245202F2044455054480044657074685B
:1055E0003A202020200050726573737572653A204E
:1055F0000054656D703A20202020200053656E73A2
:105600006F72733A2020005B50485D207048204143
:10561000444320696E697469616C697A6564206FBE
:105620006E20504132202841444331204368616E4E
:105630006E656C2032292E005B50485D20536166F8
:10564000657479204E6F746963653A20456E737591
:10565000726520636F6E646974696F6E696E67202E
:10566000626F617264206F7574707574203C3D20A8
:10567000332E33562E005B50485D2043616C6962C7
:10568000726174696E6720704820372E3030202890
:105690004E65757472616C20706F696E74292E2E60
:1056A0002E206B6565702070726F626520696E20B8
:1056B0006275666665722E005B50485D20455252E9
:1056C0004F523A204E65757472616C20766F6C741F
:1056D000616765206F7574206F662072616E676503
:1056E0003A200020562E2043616C69627261746911
:1056F0006F6E2061626F727465642E005B50485D4E
:10570000204E65757472616C20766F6C746167658C
:105710002028704820372E3030292063616C696260
:1057200072617465643A20005B50485D2043616C8F
:105730006962726174696E6720704820342E30315E
:1057400020284163696420706F696E74292E2E2EA3
:10575000206B6565702070726F626520696E2062D3
:1057600075666665722E005B50485D204552524F4B
:10577000523A204163696420766F6C7461676520DA
:10578000746F6F20636C6F736520746F206E657526
:105790007472616C20766F6C746167652E20507234
:1057A0006F6265206572726F722E005B50485D20DB
:1057B0004163696420766F6C746167652028704866
:1057C00020342E3031292063616C69627261746506
:1057D000643A20005B50485D2043616C63756C61E6
:1057E00074656420736C6F70653A20002070482FD8
:1057F00056005B50485D20322D506F696E74204317
:10580000616C6962726174696F6E20436F6D706C58
:105810006574652E005B50485D2043616C6962725F
:105820006174696F6E20726573657420746F206493
:10583000656661756C7420666163746F727920634C
:105840006F6E7374616E74732028554E43414C49DA
:10585000425241544544292E005B424D503238306B
:105860005D2043616E6E6F74207365742073757272
:10587000666163652070726573737572653A207333
:10588000656E736F72206F66666C696E652E005B65
:10589000424D503238305D20537572666163652029
:1058A0007265666572656E63652070726573737587
:1058B000726520757064617465643A20005B424DC6
:1058C000503238305D204552524F523A2053757253
:1058D00066616365207072657373757265207265A9
:1058E0006164206F7574206F6620626F756E6473DB
:1058F0002E005B424D503238305D20547279696E13
:105900006720307837362E2E2E005B424D503238CD
:10591000305D20547279696E6720307837372E2ECB
:105920002E005B424D503238305D204552524F526E
:105930003A204E6F20726573706F6E7365206174CC
:105940002030783736206F7220307837372E005B62
:10595000424D503238305D20446961676E6F737418
:10596000696320636865636B733A0020312E2043BE
:105970006865636B20332E335620616E6420474E7A
:105980004420706F77657220636F6E6E6563746913
:105990006F6E732E0020322E20436F6E6669726D1B
:1059A0002049324320776972696E673A2053434C2D
:1059B000202D3E205042362C20534441202D3E20A5
:1059C0005042372E0020332E20436F6E6669726D71
:1059D00020342E376B2070756C6C2D7570207265BD
:1059E000736973746F72732061726520707265736E
:1059F000656E74206F6E2053444120616E642053A5
:105A0000434C2E0020342E20496620796F75722079
:105A1000424D50323830206D6F64756C652068617E
:105A2000732061204353422070696E2C20697420DA
:105A30004D555354206265207469656420746F204D
:105A4000332E335620746F20656E61626C65204979
:105A50003243206D6F646521005B424D5032383017
:105A60005D204465746563746564206174203078DA
:105A7000005B424D503238305D20436869702049E8
:105A8000443A2030780020285374616E6461726457
:105A900020424D5032383029002028424D503238B3
:105AA00030207265766973696F6E202F2073616D87
:105AB000706C6529002028424D4532383020636FD4
:105AC0006D7061746962696C697479206D6F646569
:105AD00029002028556E6B6E6F776E202F20556E33
:105AE000657870656374656420494429005B424DA4
:105AF000503238305D204552524F523A2041646155
:105B000066727569745F424D503238303A3A626558
:105B100067696E28292076657269666963617469B0
:105B20006F6E206661696C65642E005B424D503279
:105B300038305D20496E697469616C697A61746995
:105B40006F6E204F4B005B424D503238305D20422B
:105B50006173656C696E652073757266616365203B
:105B600070726573737572653A20005B50524F43D3
:105B70005D20426173656C696E6520616E642061B1
:105B80006E6F6D616C7920737461746520726573DA
:105B90006574207265717565737465642E005B4170
:105BA0004E4F4D414C595D204556454E5420545260
:105BB00049474745524544202300207C20506561D9
:105BC0006B204465763A20005B414E4F4D414C5965
:105BD0005D20416E6F6D616C7920636C65617265EB
:105BE00064207468726573686F6C642E20537461EE
:105BF0007274696E6720357320706F73742D7472C0
:105C0000696767657220636F6F6C646F776E2E2EA5
:105C10002E005B414E4F4D414C595D20506F7374C7
:105C20002D7472696767657220636F6F6C646F773C
:105C30006E2066696E69736865642E20526574759E
:105C4000726E656420746F204E4F524D414C2E0091
:105C50004E4F524D414C00414E4F4D414C595F43C8
:105C6000414E4449444154450044455445435445FC
:105C7000445F4556454E54002F4D41475F43414CCC
:105C80002E444154002F534E535F43414C2E444108
:105C90005400535552565F2530336C752E4353567E
:105CA000005B53445D20496E697469616C697A6573
:105CB00064206163746976652073757276657920F6
:105CC00066696C653A20005B53445D204552524F33
:105CD000523A204661696C656420746F2063726576
:105CE000617465207375727665792066696C653AB2
:105CF00020005B53445D204D6963726F53442069FB
:105D00006E697469616C697A6174696F6E2066612D
:105D1000696C65642E20506C6561736520636865ED
:105D2000636B3A0020202020202D204361726420E4
:105D3000696E736572746564202620666F726D618A
:105D40007474656420464154333220283C3D20332E
:105D5000324742290020202020202D2057697269D7
:105D60006E673A2043533D5041342C2053434B3D02
:105D70005041352C204D49534F3D5041362C204D3C
:105D80004F53493D5041370020202020202D2050E6
:105D90006F7765723A20436F6E6E65637420355677
:105DA00020746F20355620286966206D6F64756CED
:105DB000652068617320726567756C61746F722904
:105DC000206F7220332E3356005B53445D205761A1
:105DD000726E696E673A20436F756C64206E6F74E3
:105DE0002063726561746520696E697469616C20F5
:105DF0007375727665792066696C652E005B534415
:105E00005D204D6963726F53442043617264206D5D
:105E10006F756E74656420737563636573736675FF
:105E20006C6C792028464154333220526F6F7429AC
:105E30002E005B53445D2041637469766520537581
:105E4000727665792066696C653A20005B53445D23
:105E5000204C6F6767696E6720656E61626C656470
:105E60002E005B53445D204361726420696E697447
:105E700069616C697A65642026206C6F6767696E5A
:105E80006720737461727465642E005B53445D20F7
:105E900043616E6E6F74207374617274206C6F67EF
:105EA00067696E673A2063617264206F66666C6929
:105EB0006E652E005B53445D204C6F6767696E67AB
:105EC000207061757365642E005B53445D205772CA
:105ED000697465206F70656E206661696C65642009
:105EE000666F723A20005B53445D20436172642008
:105EF000636F6D6D756E69636174696F6E206C6F31
:105F000073742E2057696C6C20617474656D7074A5
:105F1000206175746F2D7265636F766572792E00DE
:105F20005B53445D205361766564205375727665DA
:105F300079202300202D3E200045564E545F253009
:105F4000336C752E435356005B53445D20455252CB
:105F50004F523A2043616E6E6F74206372656174B4
:105F600065206576656E742066696C653A20005B15
:105F700053445D204F50454E454420484947482DE5
:105F800052415445204556454E542046494C453AC9
:105F900020005B53445D20434C4F534544204556FD
:105FA000454E542046494C453A20005B53445D2001
:105FB0004D61676E65746F6D657465722063616CA9
:105FC0006962726174696F6E2073617665642074B2
:105FD0006F2053442E005B53445D207048202620E0
:105FE0005444532063616C6962726174696F6E73AB
:105FF00020736176656420746F2053442E005B54D7
:1060000044535D205444532041444320696E6974D5
:1060100069616C697A6564206F6E20504133202875
:1060200041444331204368616E6E656C2033292EF4
:10603000005B5444535D20536166657479204E6F54
:10604000746963653A20456E7375726520636F6E7F
:10605000646974696F6E696E6720626F6172642033
:106060006F7574707574203C3D20332E33562E00AE
:106070005B5444535D204552524F523A204B6E6F51
:10608000776E2050504D206D7573742062652067C7
:10609000726561746572207468616E20302E005BD9
:1060A0005444535D2043616C6962726174696E6728
:1060B00020616761696E7374207374616E646172CC
:1060C0006420736F6C7574696F6E3A200020707075
:1060D0006D2E2E2E005B5444535D204552524F527C
:1060E0003A204D6561737572656420766F6C7461DA
:1060F000676520746F6F206C6F772E2050726F620F
:1061000065206E6F7420696D6D6572736564206FB4
:1061100072206F70656E2E005B5444535D204361A6
:106120006C6962726174696F6E20666163746F720C
:1061300020636F6D70757465643A20005B5444533E
:106140005D2043616C6962726174696F6E20537582
:10615000636365737366756C2E005B5444535D20F6
:1061600043616C6962726174696F6E2072657365F8
:106170007420746F20666163746F7220312E30203A
:1061800028554E43414C49425241544544292E0022
:106190005B545552425D205475726269646974792A
:1061A0002041444320696E697469616C697A656451
:1061B000206F6E205041302E005B545552425D20BE
:1061C0005361666574793A20436F6E6669726D201B
:1061D00073656E736F7220414F206F7574707574A4
:1061E000203C3D20332E33562E005B54454D505DF0
:1061F000204453313842323020666F756E64206F10
:106200006E205042392E20446576696365733A20CA
:10621000005B54454D505D205741524E494E473A20
:10622000204E6F204453313842323020666F756EF5
:1062300064206F6E205042392028636865636B20AC
:10624000342E376B2070756C6C2D757020726573F1
:106250006973746F7220746F20332E3356292E00A9
:10626000424D50323830002F007C3C3E5E2B3D3F8B
:106270002F5B5D3B2C2A225C000D0A006E616E00D4
:10628000696E66006F766600696E69747900504FBA
:106290005349580042616C6C6F632073756363658A
:1062A00065646564002F5F5F772F61726D2D6E6F7F
:1062B0006E652D656162692D6763632D787061631A
:1062C0006B2F61726D2D6E6F6E652D656162692D2C
:1062D0006763632D787061636B2F6275696C642DE1
:1062E0006173736574732F6275696C642F77696E5F
:1062F00033322D7836342F736F75726365732F6E5A
:1063000065776C69622D63796777696E2F6E657743
:106310006C69622F6C6962632F7374646C69622F9D
:106320006764746F612D6765746865782E630052C9
:1063300045454E54206D616C6C6F632073756363CB
:106340006565646564002F5F5F772F61726D2D6EE8
:106350006F6E652D656162692D6763632D7870616D
:10636000636B2F61726D2D6E6F6E652D6561626955
:106370002D6763632D787061636B2F6275696C6440
:106380002D6173736574732F6275696C642F7769FF
:106390006E33322D7836342F736F75726365732FB9
:1063A0006E65776C69622D63796777696E2F6E65AC
:1063B000776C69622F6C6962632F7374646C6962B5
:1063C0002F6D707265632E6300232D302B200068C3
:1063D0006C4C0065666745464700303132333435D2
:1063E0003637383941424344454600303132333440
:1063F0003536373839616263646566002C2066750E
:106400006E6374696F6E3A200061737365727469AC
:106410006F6E2022257322206661696C65643A20C4
:1064200066696C6520222573222C206C696E6520BC
:106430002564257325730A00435B0108803A01082F
:10644000843A0108000000000000000095270008C1
:10645000B9270008291B0008E12700089A99993EEE
:10646000EC51383E0AD7A33DAD500108B5500108A4
:10647000BD500108C6500108D3500108FE53010861
:106480001754010831540108505C0108575C010899
:10649000695C010874696D657374616D705F6D731B
:1064A0002C73657175656E63652C6D61675F785FD0
:1064B0007261772C6D61675F795F7261772C6D61B6
:1064C000675F7A5F7261772C6D61675F6D61676E80
:1064D00069747564652C6D61675F626173656C6971
:1064E0006E652C6D61675F646576696174696F6E56
:1064F0002C6D61675F726174652C6E6F6973652CBA
:10650000616E6F6D616C795F73636F72652C707211
:106510006573737572655F6870612C74656D706505
:106520007261747572655F632C64657074685F6D09
:106530002C70682C7464735F70706D2C747572624B
:1065400069646974795F6E74752C626174746572C4
:10655000795F762C646174615F7175616C697479BF
:106560000074696D657374616D705F6D732C736514
:106570007175656E63652C64657074685F6D2C6DF4
:1065800061675F6D65616E2C6D61675F6D696E2C13
:106590006D61675F6D61782C6D61675F7374642CEA
:1065A00074656D70657261747572655F632C706877
:1065B0002C7464735F70706D2C7475726269646999
:1065C00074795F6E74752C626174746572795F762C
:1065D0000000000000000000000000002D65000821
:1065E0006F650008291B0008156600081D6100087A
:1065F000256100083F610008876700088D67000873
:10660000516100087961000805610008D165000842
:10661000156100089D640008F560000885620008A7
:10662000216200080000000000000000316D000839
:10663000436D0008316F0008796F0008396D00085C
:106640002F6D00082F6D0008936D00082D6D000858
:106650002D6D00082D6D0008056F0008336D0008D2
:106660000000000000000000857A000889F600089C
:10667000291B0008DB73000800000000A774000855
:10668000A9740008DB740008B7740008C974000816
:10669000DD730008A7740008D57600084D76000861
:1066A000F3740008317500086B750008B1750008B7
:1066B0004F760008CD75000800000000003E5B4FDB
:1066C0005B3E3E6B4F6B3E1C3E7C3E1C183C7E3C52
:1066D000181C577D571C1C5E7F5E1C00183C180060
:1066E000FFE7C3E7FF0018241800FFE7DBE7FF30F0
:1066F000483A060E2629792926407F050507407F5E
:1067000005253F5A3CE73C5A7F3E1C1C08081C1CD0
:106710003E7F14227F22145F5F005F5F06097F01C6
:106720007F006689956A606060606094A2FFA294B1
:1067300008047E040810207E201008082A1C08087F
:106740001C2A08081E101010100C1E0C1E0C3038CD
:106750003E3830060E3E0E06000000000000005FCE
:1067600000000007000700147F147F14242A7F2AEA
:1067700012231308646236495620500008070300AC
:10678000001C2241000041221C002A1C7F1C2A08F8
:10679000083E08080080703000080808080800005B
:1067A00060600020100804023E5149453E00427FCF
:1067B000400072494949462141494D331814127F1E
:1067C0001027454545393C4A4949314121110907BE
:1067D0003649494936464949291E0000140000003F
:1067E0004034000000081422411414141414004111
:1067F00022140802015909063E415D594E7C1211CE
:10680000127C7F494949363E414141227F41414105
:106810003E7F494949417F090909013E4141517380
:106820007F0808087F00417F41002040413F017FF1
:10683000081422417F404040407F021C027F7F04B9
:1068400008107F3E4141413E7F090909063E415102
:10685000215E7F09192946264949493203017F01F2
:10686000033F4040403F1F2040201F3F4038403FF3
:10687000631408146303047804036159494D430009
:106880007F4141410204081020004141417F040240
:1068900001020440404040400003070800205454D7
:1068A00078407F28444438384444442838444428B5
:1068B0007F385454541800087E090218A4A49C7808
:1068C0007F0804047800447D40002040403D007F64
:1068D0001028440000417F40007C047804787C0844
:1068E0000404783844444438FC1824241818242418
:1068F00018FC7C08040408485454542404043F44FD
:10690000243C4040207C1C2040201C3C4030403C2B
:1069100044281028444C9090907C4464544C44008B
:1069200008364100000077000000413608000201EF
:106930000204023C2623263C1EA1A161123A4040DB
:10694000207A385454555921555579412254547858
:1069500042215554784020545579400C1E527212F1
:10696000395555555939545454593955545458007A
:1069700000457C410002457D420001457C407D127E
:1069800011127DF0282528F07C54554500205454E0
:106990007C547C0A097F4932494949323A4444448B
:1069A0003A324A4848303A4141217A3A42402078C6
:1069B000009DA0A07D3D4242423D3D4040403D3CC7
:1069C00024FF2424487E4943662B2FFC2F2BFF09EC
:1069D00029F620C0887E09032054547941000044E0
:1069E0007D413048484A32384040227A007A0A0ACB
:1069F000727D0D19317D2629292F2826292929263E
:106A000030484D4020380808080808080808382F82
:106A100010C8ACBA2F102834FA00007B000008140C
:106A20002A142222142A14085500550055AA55AAE2
:106A300055AAFF55FF55FF000000FF00101010FF82
:106A400000141414FF001010FF00FF1010F010F0DD
:106A5000141414FC001414F700FF0000FF00FF14CE
:106A600014F404FC141417101F10101F101F14141A
:106A7000141F00101010F0000000001F1010101064
:106A80001F10101010F010000000FF101010101058
:106A900010101010FF10000000FF140000FF00FF96
:106AA00000001F10170000FC04F414141710171432
:106AB00014F404F40000FF00F71414141414141454
:106AC000F700F7141414171410101F101F141414C7
:106AD000F4141010F010F000001F101F0000001F31
:106AE00014000000FC140000F010F01010FF10FF64
:106AF000141414FF141010101F00000000F010FFF9
:106B0000FFFFFFFFF0F0F0F0F0FFFFFF00000000DC
:106B100000FFFF0F0F0F0F0F3844443844FC4A4A60
:106B20004A347E02020606027E027E026355494115
:106B3000633844443C04407E201E2006027E02024C
:106B400099A5E7A5991C2A492A1C4C7201724C3060
:106B50004A4D4D303048784830BC625A463D3E4937
:106B60004949007E0101017E2A2A2A2A2A44445FDB
:106B7000444440514A444040444A51400000FF01CF
:106B800003E080FF000008086B6B083612362436DD
:106B9000060F090F06000018180000001010003042
:106BA00040FF0101001F01011E00191D1712003CCA
:106BB0003C3C3C0000000000000000000000000021
:106BC000857A000889F60008291B0008DB73000895
:106BD0004F820008A7740008A9740008DB7400083D
:106BE000B7740008C9740008DD730008A7740008B2
:106BF000D5760008078400082B8C0008DD8B000880
:106C00006B750008B17500084F760008CD75000857
:106C10002200FF21000103070F1F3F7F0080C0E01B
:106C2000F0F8FCFEDB40A4A62EAF2000A1C8D300E4
:106C3000408DAED580A8000060000000000000007C
:106C400000000000000000E0000000000000000064
:106C5000000000000001E000000000000000000053
:106C60000000000001F00000000000000000000033
:106C700000000003F0000000000000000000000021
:106C8000000007F00000000000000000000000000D
:106C90000007F800000000000000000000000000F5
:106CA0000FF800000003C0007E000001E0007F0F2D
:106CB000F800000003C000FE000001E000FFEFF854
:106CC00000000003C000FE000001E000FFFFF8002C
:106CD000000003C000F00000000F007FFE7FC00036
:106CE0000003C000F00000000F003FFE7FF83FF1FE
:106CF000FBCFFCFEF3BC3DEFE01FFE7FFF7FFBFF01
:106D0000DFFEFEFFBC3DEFE01FC6FFFF7FFBFFDFA6
:106D1000FEFEFFBC3DEFE00FE3C7FE787BC3DE1E47
:106D2000F0FFBC3DEF0007FF87FC787BC3DE1EF061
:106D3000F83C3DEF0001FFFFF0007BC3C01EF0F008
:106D40003C3DEF0001F37FE03FFBC3CFFEF0F03CA2
:106D50003DEF0003E33F807FFBC3DFFEF0F03C3DEF
:106D6000EF0007E73C00787BC3DE1EF0F03C3DEF10
:106D70000007FFBE00787BC3DE1EF0F03C3DEF0055
:106D800007FFFE00787BC3DE1EF0F03C3DEF000FF6
:106D9000FFFE007FFBFFDFFEF0F03FFDEFE00FFFA7
:106DA000FF007FFBFFDFFEF0F03FFDEFE00FF9FF9C
:106DB000003E79F9CF9EF0F01F3DE7E01FF1FF00A4
:106DC00000000000000000000000001F80FF007FA6
:106DD000FFFFFFFFFFFFFFFFFFE01C007F007FFFC3
:106DE000FFFFFEB46D888D18E000001F007FFFFFDD
:106DF000FFFE95AD7DB577E000000F007FFFFFFF40
:106E0000FEA5AD9D8D19E0000006007FFFFFFFFE8F
:106E1000B5ADEDB57EE0000000000001800000008F
:106E200000000000000003800000000000000000DF
:106E30000007C000000000000000000007C00000C4
:106E4000000000000000000FC00000000000000073
:106E500000001FE00000000000000000001FE00034
:106E600000000000000000003FE000000000000003
:106E70000000003FF00000000000000000007FF074
:106E8000000000000000001FF87FF000000000007C
:106E900000003FFE7FF0000000000000003FFF7F89
:106EA000F0000000000000001FFFFBE000000000F9
:106EB0000000000FFFF9FFC00000000000000FFFFE
:106EC000F9FFF800000000000007FFF1FFFF0000DD
:106ED0000000000003FC73FFFF80000000000001C1
:106EE000FE3FFFFF80000000000000FF1E0FFF00BC
:106EF0000000000000007FFE1FFC000000000000FA
:106F0000003FFFFFF8000000000000000FDFFFE07F
:106F1000000000000000001F19FFC000000000007A
:106F200000003F3CFF00000000000000007E7CF8F5
:106F300000000000000000007FFE7C000000000058
:106F4000000000FFFFFC0000000000000000FFFF49
:106F5000FE0000000000000000FFFFFE0000000037
:106F600000000001FFEFFE0000000000000001FF34
:106F7000CFFE0000000000000003FF07FE0000003D
:106F80000000000003FC07FE0000000000000003FA
:106F9000F003FE00000000000000018000FE000081
:106FA00000000000000000007E0000000000000063
:106FB0000000003E000000000000000000000C0087
:106FC0000000000000078000FC000003C00000007B
:106FD000078001FC000003C0000000078001FC00E6
:106FE0000003C0000000078001E00000001E000058
:106FF00000078001E00000001E007FE3F79FF9FD1D
:10700000E7787BDFC0FFF7FFBFFDFDFF787BDFC0C8
:10701000FFF7FFBFFDFDFF787BDFC0F0F787BC3DCA
:10702000E1FF787BDE00F0F787BC3DE1F0787BDEA6
:107030000000F787803DE1E0787BDE007FF7879FE7
:10704000FDE1E0787BDE00FFF787BFFDE1E0787BC4
:10705000DE00F0F787BC3DE1E0787BDE00F0F787EB
:10706000BC3DE1E0787BDE00F0F787BC3DE1E078F5
:107070007BDE00FFF7FFBFFDE1E07FFBDFC0FFF736
:10708000FFBFFDE1E07FFBDFC07CF3F39F3DE1E06C
:107090003E7BCFC00000000000000000000000FFA9
:1070A000FFFFFFFFFFFFFFFFFFC0FFFFFFFFFD68C8
:1070B000DB111A31C0FFFFFFFFFD2B5AFB6AEFC047
:1070C000FFFFFFFFFD4B5B3B1A33C0FFFFFFFFFDE0
:1070D0006B5BDB6AFDC000000000000000000000E8
:1070E000EB8D0008EF8D0008E98D0008F99100088C
:1070F0000D8E00080000000000000000ED8D00086B
:10710000FD8D0008E98D0008C1930008558E000828
:107110000000000000000000FD930008219400081A
:1071200015940008459400082F9500086F940008F6
:1071300081940008000000000000000069A500081C
:1071400089F600080DA10008DB730008120000108A
:107150001100000012000000010000000200000009
:1071600004000000080000001000000020000000E3
:10717000400000008000000000010000000200004C
:1071800000040000000800000010000000200000C3
:107190000040000000800000000000000102030425
:1071A00000000000000000000102030406070809B7
:1071B000005EBCE2613FDD83C29C7E20A3FD1F41D7
:1071C000009D23BE46DB65F88C11AF32CA57E974C7
:1071D0005E00BC00770100000400000000300140A8
:1071E0001205000004010000003C004012060000EF
:1071F0000F00000000300140120500000F010000E8
:10720000003C004012060000110000000050014048
:1072100012060000190000000038004012050000AE
:107220001C00000000380040120500001C01000096
:107230000034014012060000FFFFFFFF00000000C5
:1072400000000000050000000030014012050000B1
:107250001000000000500140120600001300000062
:10726000003001401205000013010000003C004006
:10727000120600001A00000000380040120500004D
:107280001C000000003C0040120700001D00000030
:1072900000380040120500001D01000000340140CC
:1072A00012060000FFFFFFFF0000000000000000CA
:1072B0000600000000300140120500000B00000035
:1072C00000340140120600000C0000000050014094
:1072D00012060000140000000030014012050000FA
:1072E00014010000003C0040120600001E000000D7
:1072F0000038004012050000FFFFFFFF0000000003
:1073000000000000010000000034014012050000F0
:107310000700000000300140120500000A000000D4
:10732000005001401206000015000000003001402E
:107330001205000015010000003C0040120600008C
:107340001800000000500140120600001F0000005D
:107350000038004012050000FFFFFFFF00000000A2
:107360000000000000000000004400401207000080
:107370000B0000000010014012070000FFFFFFFF9C
:107380000000000000000000010000000044004078
:10739000120700000C00000000100140120700005E
:1073A000FFFFFFFF000000000000000003000000DE
:1073B00000440040120700000A00000000100140D5
:1073C000120700000C000000001401401208000029
:1073D0001300000000100140120700001700000019
:1073E0000010014012070000FFFFFFFF0000000037
:1073F00000000000020000000044004012070000EE
:107400000900000000100140120700000B000000FE
:1074100000140140120800000F000000001001409D
:1074200012070000160000000010014012070000C3
:10743000FFFFFFFF00000000000000000000000050
:10744000000000401281000000010000000C00401C
:107450001282000001000000000000401201010043
:1074600001010000000C00401202010002000000B7
:10747000000000401281010002010000000C0040E9
:10748000128201000202000000400140128300004D
:107490000300000000000040120102000301000090
:1074A000000C0040120202000302000000400140F4
:1074B00012030100050000000000004012810000DE
:1074C00006000000000400401282000007000000D7
:1074D000000001401281100007010000000400407C
:1074E00012020100080000000000014012810000AB
:1074F0000900000000000140120101000A00000024
:1075000000000140128101000B000000000001405A
:10751000120102000F000000000000401281000074
:1075200010000000000001401201110010010000D5
:107530000004004012820100110000000000014020
:10754000128111001101000000040040120202002B
:1075500013000000000000401201010014000000B0
:1075600000040040128200001500000000040040EA
:107570001202010016000000000800401282000004
:10758000170000000008004012020100180000006F
:107590000008004012820100180100000044014070
:1075A00012830000190000000008004012020200CF
:1075B0001901000000480140128300001A00000079
:1075C00000000040128101001D0000000000014089
:1075D000128110001E000000000001401201110085
:1075E0001F0000000000014012811100FFFFFFFF9B
:1075F000000000000000000008000000005C0040E7
:107600000A04000016000000005400400A040000B4
:1076100018000000005400400A0400001A00000096
:10762000005800400A040000FFFFFFFF00000000B8
:107630000000000013000000005800400A0900008C
:1076400014000000005C00400A0900001700000060
:10765000005400400A04000018000000005C0040D4
:107660000A09000019000000005400400A0400004C
:1076700019010000005800400A090000FFFFFFFF49
:107680000000000000000000000000000020014099
:107690000300000001000000002001400380000002
:1076A0000200000000200140030001000300000070
:1076B0000020014003800100040000000020014080
:1076C00003000200050000000020014003800200CA
:1076D0000600000000200140030003000700000036
:1076E0000020014003800300100000000020014042
:1076F000030004001100000000200140038004008A
:10770000FFFFFFFF0000000000000000000000007D
:10771000010000000200000003000000040000005F
:107720000500000006000000070000001000000037
:107730001100000000000000010000000200000035
:107740000300000004000000050000000600000027
:107750000700000008000000090000000A00000007
:107760000B0000000C0000000D0000000E000000E7
:107770000F000000100000001100000012000000C7
:1077800013000000140000001500000016000000A7
:107790001700000018000000190000001A00000087
:1077A0001C0000001D0000001E0000001F00000063
:1077B0002D0000002E0000002F00000050000000EF
:1077C00051000000000000000000000025F100084A
:1077D000D5F1000809F1000857F40008DFF00008AF
:1077E00045F60008EFF000082D1B0008B5F500086D
:1077F00033F40008D9F0000834000000CEFBFFFF8E
:10780000CB03000001000000000000003500000074
:10781000CEFBFFFFCB0300000100000000000000D2
:10782000BC89D897B2D29C3C33A7A8D523F6493956
:107830003DA7F444FD0FA5329D978CCF08BA5B2578
:10784000436FAC64280668110020202020202020EF
:107850002020282828282820202020202020202000
:107860002020202020202020208810101010101010
:10787000101010101010101010040404040404045C
:1078800004040410101010101010414141414141F6
:1078900001010101010101010101010101010101D8
:1078A00001010101101010101010424242424242E8
:1078B00002020202020202020202020202020202A8
:1078C0000202020210101010200000000000000050
:1078D00000000000000000000000000000000000A8
:1078E0000000000000000000000000000000000098
:1078F0000000000000000000000000000000000088
:107900000000000000000000000000000000000077
:107910000000000000000000000000000000000067
:107920000000000000000000000000000000000057
:107930000000000000000000000000000000000047
:107940000000000000000000000000000500000032
:10795000190000007D0000000080E03779C341433A
:10796000176E05B5B5B89346F5F93FE9034F384DA5
:10797000321D30F94877825A3CBF737FDD4F157551
:10798000000000000000F03F000000000000244064
:1079900000000000000059400000000000408F403F
:1079A000000000000088C34000000000006AF840AA
:1079B0000000000080842E4100000000D0126341CE
:1079C0000000000084D797410000000065CDCD4144
:1079D000000000205FA00242000000E87648374225
:1079E000000000A2941A6D42000040E59C30A242C3
:1079F0000000901EC4BCD64200003426F56B0C4338
:107A00000080E03779C3414300A0D88557347643DE
:107A100000C84E676DC1AB43003D9160E458E1433F
:107A2000408CB5781DAF154450EFE2D6E41A4B44B4
:107A300092D54D06CFF08044F64AE1C7022DB544F9
:107A4000B49DD9794378EA4400000080DB0F4940B7
:107A5000DB0F49C0DB0F49BFE4CB1640E4CB16C0B7
:107A60006937AC3168212233B40F14336821A23353
:107A70003863ED3EDA0F493F5E987B3FDA0FC93F2E
:087A80002087FE7F01000000D9
:107A880077FC00083D0F0008590F00086927000817
:107A98003D410008414C0008B9540008D560000871
:107AA80095670008816F0008C5980008DDDA0008AE
:047AB80075F6000857
:107ABC00190F0008690F000871410008514C0008AB
:087ACC00A5670008B5DB000806
:107AD400F02374C9F023744900507D440404040065
:107AE400000000040000000000000000000000008E
:107AF40000000000000000000000C8410000000079
:107B040000000000000000000000E0400000C84148
:107B1400000000000000C841000000000000000058
:107B24000000000000000000000000000000803F92
:107B34000000000000000000000000000000803F82
:107B44000000000000000000000000000000803F72
:107B54000000000000000000000000000000000021
:107B64000000000000000000000000000000000011
:107B74001A460108000000002C0000000000C03F6D
:107B8400250601406666B6C00000000000507D4432
:107B94000100000001000000010000000000803F1F
:107BA400000000000000C8410000000000000000C8
:107BB40000093D0000010000FFFFFFFF010000007D
:107BC40010000000E05400200000024000040240C5
:107BD40000080240000C024000100240001C024059
:107BE400FFFFFFFF00300240000000000024F4000B
:107BF4000000000000000000000000000000000081
:107C04000000000000000000000000000000000070
:107C14000000000000000000000000000000000060
:107C24000000000000000000000000000000000050
:107C34000000000000000000000000000000000040
:107C440000000000FFFFFFFFFFFFFFFFFFFFFFFF3C
:107C5400FFFFFFFF00030000000000000000000021
:107C64000000000000000000000000000A00000006
:107C74000A000000000000000300000098530020E8
:107C840043000000000000000000000000000000AD
:107C940000000000000000000000000000000000E0
:107CA400430000000000000000000000000000008D
:107CB40000000000000000000000000000000000C0
:107CC400430000000000000000000000000000006D
:107CD40000000000000000000000000000000000A0
:107CE400430000000000000000000000000000004D
:107CF4000000000000000000000000000000000080
:107D0400430000000000000000000000000000002C
:107D1400000000000000000000000000000000005F
:107D2400430000000000000000000000000000000C
:107D3400000000000000000000000000000000003F
:107D440043000000000000000000000000000000EC
:107D5400000000000000000000000000000000001F
:107D640099230108F319010800000000487801086C
:107D74004B3A01087B6201087B6201087B620108BF
:107D84007B6201087B6201087B6201087B62010857
:107D94007B6201087B620108FFFFFFFFFFFFFFFF1B
:107DA400FFFFFFFFFFFF000001004153434949006B
:107DB40000000000000000000000000000000000BF
:107DC4000000000000000000000041534349490046
:107DD400000000000000000000000000000000009F
:107DE400000000000000000000000000200300204C
:107DF4000000000098530020005400206854002024
:107E0400000000000000000000000000000000006E
:107E1400000000000000000000000000000000005E
:107E2400000000000000000000000000000000004E
:0C7E340000000000000000000000000042
:040000050800FD7979
:00000001FF
